sale_id,sale_date,product_id,customer_id,total,rating
4,01-01-2023,15,44,350,4
8,02-01-2023,2,68,900,5
13,02-01-2023,22,57,400,5
18,03-01-2023,6,56,1200,5
21,03-01-2023,9,44,700,5
23,03-01-2023,9,17,700,4
26,03-01-2023,16,19,500,5
27,03-01-2023,24,42,500,5
28,03-01-2023,25,6,600,4
31,03-01-2023,28,27,300,5
36,04-01-2023,22,76,400,4
37,04-01-2023,25,8,600,4
40,05-01-2023,9,34,700,5
43,05-01-2023,13,34,450,5
44,05-01-2023,14,12,320,4
45,05-01-2023,20,59,800,5
50,06-01-2023,12,9,300,5
51,06-01-2023,13,10,450,4
52,06-01-2023,15,69,350,5
55,06-01-2023,23,3,250,5
57,06-01-2023,25,29,600,5
59,07-01-2023,6,10,1200,5
65,08-01-2023,13,30,450,5
67,08-01-2023,21,76,650,4
71,09-01-2023,2,9,900,4
73,09-01-2023,17,4,600,4
74,09-01-2023,21,33,650,4
78,10-01-2023,4,78,600,4
79,10-01-2023,8,65,750,5
80,10-01-2023,8,49,750,4
84,10-01-2023,20,74,800,4
92,11-01-2023,12,18,300,5
94,11-01-2023,20,77,800,5
95,11-01-2023,22,61,400,5
97,11-01-2023,24,39,500,4
99,12-01-2023,6,32,1200,4
102,12-01-2023,17,62,600,4
105,12-01-2023,21,71,650,4
108,13-01-2023,2,44,900,5
117,14-01-2023,15,74,350,5
120,14-01-2023,22,55,400,5
122,14-01-2023,24,14,500,5
124,15-01-2023,7,63,1500,4
126,15-01-2023,16,12,500,5
127,15-01-2023,19,9,300,4
131,16-01-2023,3,74,250,5
132,16-01-2023,5,51,450,5
133,16-01-2023,5,72,450,4
135,16-01-2023,7,1,1500,5
137,16-01-2023,7,43,1500,4
141,16-01-2023,14,70,320,5
144,16-01-2023,24,6,500,5
146,17-01-2023,1,68,350,5
151,17-01-2023,17,4,600,4
152,17-01-2023,24,23,500,4
158,18-01-2023,3,1,250,4
160,18-01-2023,10,39,1800,4
162,18-01-2023,11,65,550,4
174,19-01-2023,12,40,300,4
175,19-01-2023,14,69,320,5
176,19-01-2023,20,16,800,4
179,20-01-2023,1,71,350,4
181,20-01-2023,3,58,250,5
183,20-01-2023,13,76,450,4
187,20-01-2023,26,10,900,4
190,21-01-2023,19,33,300,5
191,21-01-2023,21,45,650,4
193,21-01-2023,24,1,500,4
196,22-01-2023,1,18,350,4
199,22-01-2023,19,11,300,4
202,22-01-2023,21,39,650,5
203,22-01-2023,26,75,900,4
205,23-01-2023,2,30,900,5
206,23-01-2023,6,19,1200,4
209,23-01-2023,16,59,500,4
215,24-01-2023,1,73,350,4
219,24-01-2023,5,23,450,5
221,24-01-2023,7,52,1500,4
224,24-01-2023,9,28,700,5
228,24-01-2023,16,57,500,5
230,24-01-2023,17,21,600,5
237,25-01-2023,4,71,600,4
239,25-01-2023,13,11,450,4
242,25-01-2023,15,73,350,4
248,26-01-2023,10,39,1800,5
250,26-01-2023,16,61,500,5
251,26-01-2023,17,6,600,5
256,26-01-2023,24,45,500,4
258,26-01-2023,26,67,900,5
260,27-01-2023,2,22,900,5
262,27-01-2023,6,23,1200,5
266,27-01-2023,17,26,600,4
268,27-01-2023,20,28,800,5
269,27-01-2023,20,67,800,4
275,28-01-2023,16,59,500,5
276,28-01-2023,21,30,650,5
281,29-01-2023,14,31,320,5
286,29-01-2023,26,66,900,4
287,29-01-2023,26,37,900,4
288,30-01-2023,1,59,350,4
289,30-01-2023,2,27,900,5
291,30-01-2023,5,32,450,5
298,30-01-2023,16,56,500,5
301,30-01-2023,23,68,250,5
304,30-01-2023,24,47,500,4
305,30-01-2023,25,27,600,4
307,31-01-2023,1,9,350,4
311,31-01-2023,9,11,700,5
314,31-01-2023,21,72,650,5
320,01-02-2023,2,66,900,4
327,01-02-2023,13,77,450,5
331,01-02-2023,23,72,250,4
338,02-02-2023,5,67,450,4
340,02-02-2023,7,65,1500,4
341,02-02-2023,7,36,1500,5
344,02-02-2023,21,13,650,4
348,03-02-2023,4,31,600,5
350,03-02-2023,7,60,1500,5
352,03-02-2023,9,66,700,4
353,03-02-2023,9,31,700,5
360,04-02-2023,1,79,350,5
362,04-02-2023,15,42,350,5
363,04-02-2023,16,44,500,4
366,05-02-2023,13,37,450,4
369,05-02-2023,18,24,450,4
372,05-02-2023,28,58,300,4
373,06-02-2023,9,17,700,5
375,06-02-2023,11,1,550,4
382,06-02-2023,26,18,900,4
383,07-02-2023,4,9,600,5
385,07-02-2023,14,62,320,4
392,08-02-2023,16,21,500,4
393,08-02-2023,18,15,450,4
397,08-02-2023,28,17,300,5
398,09-02-2023,1,14,350,5
400,09-02-2023,5,61,450,5
401,09-02-2023,6,55,1200,4
403,09-02-2023,11,64,550,5
404,09-02-2023,13,2,450,5
405,09-02-2023,14,49,320,4
408,09-02-2023,21,24,650,5
413,09-02-2023,27,3,200,4
414,10-02-2023,1,75,350,5
415,10-02-2023,2,76,900,4
419,10-02-2023,7,20,1500,5
422,10-02-2023,20,49,800,5
425,11-02-2023,5,35,450,4
426,11-02-2023,8,8,750,5
428,11-02-2023,12,67,300,4
430,11-02-2023,17,53,600,5
431,11-02-2023,20,36,800,5
440,12-02-2023,17,31,600,4
442,12-02-2023,26,77,900,4
445,13-02-2023,7,50,1500,5
447,13-02-2023,12,48,300,5
453,14-02-2023,1,35,350,5
454,14-02-2023,2,17,900,5
461,14-02-2023,19,77,300,4
464,15-02-2023,1,34,350,4
466,15-02-2023,5,28,450,5
468,15-02-2023,8,7,750,4
473,15-02-2023,18,25,450,5
475,15-02-2023,23,7,250,4
483,16-02-2023,2,41,900,5
484,16-02-2023,3,1,250,4
485,16-02-2023,4,60,600,5
488,16-02-2023,9,13,700,5
489,16-02-2023,12,60,300,5
492,16-02-2023,17,67,600,5
495,17-02-2023,3,12,250,4
501,17-02-2023,25,51,600,5
503,18-02-2023,11,72,550,5
510,19-02-2023,10,58,1800,5
511,19-02-2023,12,61,300,4
513,19-02-2023,28,71,300,5
515,20-02-2023,1,19,350,4
519,20-02-2023,11,9,550,4
521,20-02-2023,15,65,350,5
525,20-02-2023,22,7,400,4
530,21-02-2023,16,66,500,5
532,21-02-2023,17,38,600,5
534,21-02-2023,19,80,300,4
540,22-02-2023,2,58,900,5
541,22-02-2023,3,12,250,4
543,22-02-2023,9,52,700,4
546,22-02-2023,15,2,350,4
549,22-02-2023,18,22,450,4
551,22-02-2023,22,34,400,5
554,22-02-2023,27,69,200,5
556,23-02-2023,5,13,450,4
557,23-02-2023,6,55,1200,5
559,23-02-2023,9,51,700,4
569,24-02-2023,5,60,450,4
572,24-02-2023,9,78,700,4
574,24-02-2023,12,76,300,5
576,24-02-2023,17,75,600,5
577,24-02-2023,17,66,600,5
578,24-02-2023,23,78,250,5
580,24-02-2023,27,46,200,4
584,25-02-2023,9,15,700,4
587,25-02-2023,22,43,400,4
591,25-02-2023,28,77,300,5
594,26-02-2023,3,49,250,5
597,26-02-2023,13,76,450,4
601,26-02-2023,20,6,800,4
605,26-02-2023,28,78,300,5
609,27-02-2023,12,30,300,4
611,27-02-2023,12,58,300,4
612,27-02-2023,15,15,350,4
621,28-02-2023,24,67,500,5
622,28-02-2023,27,76,200,5
625,01-03-2023,4,68,600,4
626,01-03-2023,4,44,600,4
627,01-03-2023,6,63,1200,5
635,01-03-2023,19,22,300,4
636,01-03-2023,20,3,800,4
637,01-03-2023,21,14,650,5
639,01-03-2023,26,8,900,5
642,02-03-2023,3,35,250,5
644,02-03-2023,5,50,450,4
645,02-03-2023,7,64,1500,5
647,02-03-2023,8,18,750,5
653,02-03-2023,21,60,650,5
655,02-03-2023,22,3,400,4
658,02-03-2023,27,56,200,4
662,03-03-2023,4,68,600,5
663,03-03-2023,9,47,700,4
665,03-03-2023,10,57,1800,5
667,03-03-2023,19,48,300,4
668,03-03-2023,20,3,800,4
674,03-03-2023,28,35,300,4
677,04-03-2023,7,55,1500,4
678,04-03-2023,12,69,300,4
680,04-03-2023,14,49,320,5
681,04-03-2023,15,16,350,4
684,04-03-2023,20,78,800,5
688,04-03-2023,24,46,500,4
689,04-03-2023,26,71,900,4
692,05-03-2023,6,20,1200,5
698,05-03-2023,13,33,450,5
699,05-03-2023,17,8,600,4
700,05-03-2023,18,22,450,5
701,05-03-2023,19,53,300,4
702,05-03-2023,21,22,650,5
707,06-03-2023,10,25,1800,4
708,06-03-2023,19,28,300,5
711,06-03-2023,28,66,300,5
712,07-03-2023,1,28,350,5
714,07-03-2023,5,46,450,4
719,07-03-2023,17,14,600,4
733,08-03-2023,25,4,600,4
734,08-03-2023,26,1,900,5
738,09-03-2023,9,51,700,4
740,09-03-2023,11,40,550,4
741,09-03-2023,11,19,550,5
745,09-03-2023,22,49,400,5
748,10-03-2023,3,2,250,4
749,10-03-2023,8,19,750,5
750,10-03-2023,10,65,1800,5
752,10-03-2023,17,13,600,4
756,10-03-2023,22,9,400,5
766,11-03-2023,11,1,550,4
767,11-03-2023,14,72,320,5
768,11-03-2023,14,64,320,4
776,12-03-2023,5,31,450,5
778,12-03-2023,11,5,550,4
781,12-03-2023,14,40,320,5
782,12-03-2023,14,18,320,4
787,13-03-2023,8,52,750,4
788,13-03-2023,12,17,300,5
789,13-03-2023,13,2,450,5
792,13-03-2023,19,43,300,4
803,14-03-2023,17,11,600,4
810,15-03-2023,5,21,450,5
812,15-03-2023,9,57,700,5
814,15-03-2023,17,50,600,4
821,16-03-2023,4,4,600,5
824,16-03-2023,15,73,350,4
836,17-03-2023,12,66,300,5
839,17-03-2023,24,64,500,4
852,19-03-2023,8,12,750,4
855,19-03-2023,9,72,700,5
862,20-03-2023,19,12,300,4
865,21-03-2023,1,68,350,5
868,21-03-2023,6,35,1200,4
876,21-03-2023,27,65,200,5
883,22-03-2023,18,76,450,5
885,22-03-2023,25,5,600,4
888,23-03-2023,9,28,700,4
892,23-03-2023,19,34,300,4
898,24-03-2023,11,65,550,4
900,24-03-2023,19,6,300,4
907,25-03-2023,5,22,450,5
908,25-03-2023,6,42,1200,5
918,26-03-2023,23,2,250,4
919,26-03-2023,23,63,250,5
924,27-03-2023,14,58,320,5
929,27-03-2023,28,3,300,4
932,28-03-2023,19,66,300,5
933,28-03-2023,25,61,600,5
951,30-03-2023,9,61,700,5
963,31-03-2023,2,55,900,5
967,31-03-2023,8,12,750,5
970,31-03-2023,13,48,450,4
972,31-03-2023,18,47,450,4
982,01-04-2023,7,28,1500,4
990,02-04-2023,1,10,350,4
992,02-04-2023,4,60,600,5
993,02-04-2023,6,30,1200,5
998,02-04-2023,16,15,500,5
1004,02-04-2023,21,24,650,5
1011,03-04-2023,3,65,250,4
1012,03-04-2023,4,23,600,4
1013,03-04-2023,4,41,600,5
1014,03-04-2023,9,77,700,5
1021,04-04-2023,5,35,450,5
1027,04-04-2023,27,22,200,4
1030,05-04-2023,12,41,300,5
1034,05-04-2023,26,79,900,4
1037,06-04-2023,6,14,1200,4
1039,06-04-2023,14,74,320,5
1042,06-04-2023,15,52,350,4
1057,07-04-2023,24,15,500,5
1058,07-04-2023,27,24,200,5
1062,08-04-2023,6,71,1200,4
1064,08-04-2023,11,49,550,4
1070,08-04-2023,26,42,900,4
1072,09-04-2023,2,7,900,4
1079,09-04-2023,11,44,550,5
1080,09-04-2023,12,60,300,5
1081,09-04-2023,13,65,450,4
1083,09-04-2023,15,40,350,4
1085,09-04-2023,23,48,250,5
1088,09-04-2023,26,56,900,4
1090,09-04-2023,27,14,200,4
1092,10-04-2023,2,8,900,5
1095,10-04-2023,7,53,1500,5
1102,11-04-2023,4,65,600,4
1105,11-04-2023,9,21,700,4
1108,11-04-2023,26,73,900,5
1112,12-04-2023,3,80,250,5
1117,13-04-2023,2,52,900,5
1118,13-04-2023,6,34,1200,4
1125,13-04-2023,25,55,600,4
1126,13-04-2023,25,72,600,5
1127,13-04-2023,27,20,200,5
1128,14-04-2023,2,46,900,5
1129,14-04-2023,8,78,750,5
1130,14-04-2023,9,54,700,4
1134,14-04-2023,12,67,300,4
1144,15-04-2023,9,43,700,5
1145,15-04-2023,9,65,700,5
1148,15-04-2023,17,12,600,5
1149,15-04-2023,20,69,800,4
1150,15-04-2023,23,1,250,4
1152,15-04-2023,28,9,300,5
1156,16-04-2023,22,23,400,4
1163,17-04-2023,20,52,800,4
1164,17-04-2023,24,60,500,4
1167,18-04-2023,1,6,350,5
1168,18-04-2023,10,54,1800,5
1170,18-04-2023,21,27,650,4
1173,18-04-2023,28,12,300,5
1175,19-04-2023,7,77,1500,4
1186,20-04-2023,8,20,750,5
1188,20-04-2023,13,18,450,4
1191,21-04-2023,3,40,250,5
1193,21-04-2023,11,10,550,5
1196,21-04-2023,12,40,300,5
1198,21-04-2023,15,6,350,4
1200,21-04-2023,17,26,600,5
1206,22-04-2023,6,8,1200,4
1208,22-04-2023,10,66,1800,5
1209,22-04-2023,14,2,320,5
1210,22-04-2023,18,51,450,5
1212,22-04-2023,20,36,800,4
1214,22-04-2023,22,17,400,4
1217,23-04-2023,1,1,350,4
1220,23-04-2023,4,62,600,5
1226,23-04-2023,19,64,300,4
1227,23-04-2023,20,70,800,5
1233,24-04-2023,3,5,250,5
1236,24-04-2023,12,73,300,5
1240,24-04-2023,27,52,200,4
1242,25-04-2023,1,11,350,4
1244,25-04-2023,6,73,1200,4
1254,26-04-2023,4,13,600,5
1257,26-04-2023,16,62,500,5
1258,26-04-2023,16,56,500,5
1262,26-04-2023,23,56,250,5
1267,27-04-2023,8,15,750,5
1275,27-04-2023,24,59,500,5
1287,28-04-2023,13,37,450,5
1289,28-04-2023,15,57,350,5
1291,28-04-2023,22,54,400,5
1293,29-04-2023,1,73,350,4
1300,30-04-2023,4,39,600,5
1302,30-04-2023,13,1,450,4
1306,30-04-2023,26,51,900,4
1310,30-04-2023,28,57,300,4
1315,01-05-2023,5,42,450,5
1317,01-05-2023,12,77,300,4
1321,01-05-2023,19,79,300,5
1325,01-05-2023,23,16,250,4
1327,01-05-2023,24,55,500,5
1329,01-05-2023,26,15,900,5
1334,02-05-2023,3,31,250,4
1340,02-05-2023,25,40,600,4
1347,03-05-2023,19,49,300,4
1348,03-05-2023,20,29,800,4
1350,03-05-2023,22,73,400,5
1353,03-05-2023,27,37,200,5
1354,04-05-2023,3,50,250,5
1357,04-05-2023,8,51,750,4
1364,04-05-2023,18,11,450,4
1365,04-05-2023,19,22,300,5
1366,04-05-2023,20,30,800,4
1367,04-05-2023,20,49,800,4
1370,05-05-2023,14,30,320,4
1372,05-05-2023,15,77,350,5
1373,05-05-2023,26,9,900,5
1376,05-05-2023,28,38,300,4
1381,06-05-2023,12,9,300,5
1385,06-05-2023,18,78,450,5
1388,07-05-2023,1,34,350,4
1389,07-05-2023,4,66,600,4
1390,07-05-2023,6,33,1200,4
1392,07-05-2023,9,73,700,5
1395,07-05-2023,23,25,250,4
1397,07-05-2023,28,68,300,5
1399,08-05-2023,9,62,700,4
1400,08-05-2023,10,72,1800,4
1404,08-05-2023,19,28,300,4
1407,08-05-2023,23,19,250,4
1414,09-05-2023,5,65,450,4
1415,09-05-2023,6,53,1200,5
1417,09-05-2023,12,70,300,5
1430,10-05-2023,10,22,1800,5
1432,10-05-2023,11,60,550,5
1434,10-05-2023,13,19,450,5
1435,10-05-2023,14,45,320,5
1436,10-05-2023,14,26,320,4
1437,10-05-2023,15,18,350,5
1440,11-05-2023,10,77,1800,5
1441,11-05-2023,10,6,1800,4
1443,11-05-2023,20,63,800,5
1444,11-05-2023,27,7,200,4
1445,11-05-2023,28,36,300,4
1456,12-05-2023,24,62,500,5
1457,13-05-2023,3,78,250,4
1459,13-05-2023,9,27,700,5
1461,13-05-2023,12,58,300,5
1462,13-05-2023,13,65,450,5
1464,13-05-2023,19,10,300,4
1466,13-05-2023,25,4,600,4
1467,13-05-2023,25,32,600,4
1470,14-05-2023,4,42,600,5
1472,14-05-2023,12,31,300,5
1474,14-05-2023,18,22,450,5
1475,14-05-2023,18,2,450,4
1477,14-05-2023,19,32,300,5
1478,14-05-2023,22,43,400,5
1479,14-05-2023,27,41,200,5
1480,14-05-2023,28,46,300,4
1485,15-05-2023,12,60,300,5
1488,15-05-2023,22,31,400,4
1489,15-05-2023,26,58,900,5
1490,16-05-2023,2,1,900,5
1491,16-05-2023,8,47,750,5
1493,16-05-2023,15,8,350,4
1494,16-05-2023,17,17,600,4
1497,16-05-2023,22,52,400,4
1499,16-05-2023,25,19,600,5
1506,17-05-2023,11,31,550,4
1508,17-05-2023,20,69,800,4
1509,17-05-2023,20,28,800,4
1511,17-05-2023,23,37,250,5
1514,17-05-2023,27,47,200,4
1516,18-05-2023,10,50,1800,4
1517,18-05-2023,10,37,1800,4
1519,18-05-2023,12,35,300,5
1531,19-05-2023,13,74,450,4
1534,19-05-2023,18,10,450,5
1535,19-05-2023,23,76,250,4
1540,20-05-2023,23,33,250,4
1541,20-05-2023,27,5,200,5
1550,21-05-2023,21,32,650,5
1552,21-05-2023,27,66,200,4
1554,22-05-2023,1,31,350,4
1555,22-05-2023,1,28,350,5
1559,22-05-2023,20,27,800,5
1561,22-05-2023,24,46,500,4
1565,22-05-2023,28,44,300,5
1567,23-05-2023,1,57,350,5
1570,23-05-2023,6,39,1200,5
1571,23-05-2023,9,48,700,4
1574,23-05-2023,19,21,300,4
1579,24-05-2023,5,33,450,5
1580,24-05-2023,7,57,1500,4
1583,24-05-2023,15,3,350,5
1584,24-05-2023,17,13,600,4
1586,24-05-2023,20,70,800,5
1587,24-05-2023,21,26,650,5
1594,25-05-2023,26,56,900,5
1596,26-05-2023,9,15,700,4
1599,26-05-2023,11,77,550,5
1600,26-05-2023,12,63,300,5
1601,26-05-2023,17,55,600,5
1608,26-05-2023,28,20,300,5
1610,27-05-2023,3,79,250,4
1611,27-05-2023,11,9,550,4
1614,27-05-2023,21,18,650,5
1616,27-05-2023,26,30,900,5
1619,28-05-2023,11,7,550,5
1620,28-05-2023,12,23,300,5
1623,28-05-2023,16,38,500,5
1625,28-05-2023,26,54,900,4
1627,29-05-2023,1,48,350,4
1629,29-05-2023,4,77,600,4
1630,29-05-2023,9,60,700,5
1633,29-05-2023,20,62,800,5
1635,29-05-2023,24,48,500,5
1636,30-05-2023,7,23,1500,5
1640,30-05-2023,21,22,650,4
1644,30-05-2023,24,7,500,5
1647,31-05-2023,6,46,1200,4
1648,31-05-2023,16,16,500,4
1649,31-05-2023,17,50,600,5
1651,31-05-2023,26,79,900,5
1653,01-06-2023,1,8,350,4
1660,01-06-2023,13,39,450,5
1661,01-06-2023,14,1,320,4
1664,01-06-2023,24,75,500,5
1667,02-06-2023,4,15,600,5
1668,02-06-2023,7,44,1500,5
1669,02-06-2023,9,78,700,4
1671,02-06-2023,11,57,550,4
1672,02-06-2023,12,80,300,5
1674,02-06-2023,14,71,320,4
1675,02-06-2023,15,30,350,4
1680,02-06-2023,22,36,400,5
1687,03-06-2023,11,25,550,4
1689,03-06-2023,20,57,800,5
1695,04-06-2023,4,21,600,5
1696,04-06-2023,5,9,450,4
1697,04-06-2023,6,35,1200,4
1702,04-06-2023,13,27,450,5
1704,04-06-2023,13,8,450,4
1707,04-06-2023,20,13,800,4
1709,04-06-2023,24,30,500,4
1710,04-06-2023,27,32,200,4
1712,05-06-2023,9,26,700,4
1718,05-06-2023,22,18,400,5
1719,05-06-2023,28,62,300,5
1720,05-06-2023,28,61,300,4
1722,06-06-2023,1,48,350,5
1726,06-06-2023,12,36,300,4
1727,06-06-2023,12,74,300,5
1729,06-06-2023,15,80,350,5
1730,06-06-2023,15,32,350,5
1733,06-06-2023,18,72,450,4
1739,07-06-2023,2,63,900,5
1741,07-06-2023,3,18,250,5
1746,07-06-2023,18,11,450,4
1747,07-06-2023,19,15,300,4
1748,07-06-2023,21,13,650,5
1753,08-06-2023,14,58,320,4
1754,08-06-2023,17,10,600,5
1757,08-06-2023,19,65,300,4
1761,09-06-2023,3,64,250,4
1762,09-06-2023,5,67,450,4
1763,09-06-2023,8,52,750,4
1768,10-06-2023,2,55,900,5
1772,10-06-2023,12,70,300,5
1780,11-06-2023,1,5,350,4
1782,11-06-2023,5,74,450,4
1783,11-06-2023,5,35,450,5
1784,11-06-2023,7,71,1500,5
1785,11-06-2023,10,29,1800,5
1787,11-06-2023,13,1,450,4
1790,11-06-2023,17,78,600,4
1791,11-06-2023,17,43,600,5
1796,12-06-2023,10,23,1800,5
1797,12-06-2023,14,68,320,4
1802,13-06-2023,20,69,800,4
1805,13-06-2023,28,50,300,5
1807,14-06-2023,7,21,1500,5
1813,14-06-2023,19,1,300,4
1814,14-06-2023,19,65,300,4
1816,14-06-2023,26,74,900,4
1819,15-06-2023,3,6,250,5
1820,15-06-2023,8,73,750,5
1821,15-06-2023,9,52,700,4
1825,15-06-2023,17,1,600,5
1828,15-06-2023,27,7,200,4
1830,16-06-2023,1,1,350,4
1835,16-06-2023,12,71,300,5
1836,16-06-2023,17,72,600,4
1839,17-06-2023,2,32,900,5
1845,17-06-2023,26,71,900,5
1848,18-06-2023,8,32,750,4
1851,18-06-2023,26,21,900,4
1852,18-06-2023,28,31,300,5
1855,19-06-2023,12,49,300,5
1858,19-06-2023,23,37,250,5
1859,20-06-2023,12,47,300,4
1860,20-06-2023,12,74,300,4
1862,20-06-2023,20,12,800,4
1865,21-06-2023,1,72,350,5
1870,21-06-2023,21,27,650,4
1871,21-06-2023,22,6,400,4
1873,21-06-2023,24,21,500,4
1874,21-06-2023,25,2,600,5
1877,22-06-2023,17,28,600,5
1882,22-06-2023,24,12,500,5
1883,22-06-2023,24,26,500,5
1885,23-06-2023,1,65,350,4
1886,23-06-2023,7,43,1500,4
1891,23-06-2023,22,7,400,4
1892,23-06-2023,27,30,200,4
1896,24-06-2023,21,1,650,4
1897,24-06-2023,24,52,500,5
1898,24-06-2023,24,68,500,4
1899,24-06-2023,26,75,900,4
1902,25-06-2023,11,18,550,4
1906,26-06-2023,2,13,900,5
1908,26-06-2023,25,7,600,4
1913,27-06-2023,10,76,1800,4
1921,28-06-2023,14,14,320,4
1922,28-06-2023,18,27,450,4
1925,28-06-2023,24,23,500,5
1926,28-06-2023,25,33,600,5
1928,29-06-2023,2,3,900,4
1929,29-06-2023,2,18,900,4
1932,29-06-2023,8,13,750,5
1934,29-06-2023,13,31,450,4
1937,29-06-2023,23,25,250,4
1938,30-06-2023,6,78,1200,5
1939,30-06-2023,6,11,1200,4
1940,30-06-2023,20,3,800,5
1947,01-07-2023,6,75,1200,5
1948,01-07-2023,9,59,700,5
1950,01-07-2023,10,73,1800,5
1952,01-07-2023,13,11,450,5
1953,01-07-2023,13,18,450,5
1963,01-07-2023,26,53,900,5
1966,02-07-2023,3,27,250,4
1978,03-07-2023,1,22,350,4
1981,03-07-2023,5,22,450,4
1983,03-07-2023,14,44,320,4
1990,04-07-2023,9,74,700,5
1991,04-07-2023,14,7,320,4
1992,04-07-2023,18,28,450,5
1994,04-07-2023,20,26,800,5
1995,04-07-2023,21,35,650,4
1999,05-07-2023,8,6,750,5
2001,05-07-2023,19,43,300,4
2002,05-07-2023,21,14,650,4
2005,05-07-2023,24,63,500,4
2010,06-07-2023,5,51,450,4
2011,06-07-2023,5,71,450,5
2014,06-07-2023,19,5,300,4
2015,06-07-2023,22,35,400,5
2017,07-07-2023,2,65,900,5
2019,07-07-2023,13,47,450,4
2025,07-07-2023,25,55,600,5
2028,08-07-2023,3,64,250,5
2029,08-07-2023,4,72,600,5
2030,08-07-2023,5,11,450,5
2031,08-07-2023,9,57,700,5
2032,08-07-2023,9,51,700,5
2035,08-07-2023,16,46,500,4
2036,08-07-2023,21,19,650,4
2038,08-07-2023,25,63,600,5
2041,09-07-2023,2,48,900,4
2048,09-07-2023,20,59,800,5
2049,09-07-2023,27,72,200,4
2053,10-07-2023,15,28,350,4
2055,10-07-2023,15,52,350,5
2057,10-07-2023,16,59,500,4
2058,11-07-2023,1,9,350,4
2062,11-07-2023,9,68,700,5
2063,11-07-2023,13,35,450,4
2064,11-07-2023,17,9,600,4
2069,12-07-2023,1,31,350,4
2072,12-07-2023,7,23,1500,5
2074,12-07-2023,10,46,1800,5
2077,12-07-2023,16,56,500,4
2080,12-07-2023,21,13,650,4
2082,13-07-2023,4,29,600,4
2085,13-07-2023,14,46,320,5
2088,13-07-2023,22,64,400,5
2098,14-07-2023,15,41,350,4
2104,15-07-2023,19,78,300,4
2105,15-07-2023,20,45,800,5
2106,15-07-2023,24,47,500,5
2107,16-07-2023,2,1,900,5
2110,16-07-2023,9,52,700,4
2118,16-07-2023,23,32,250,4
2122,17-07-2023,7,10,1500,5
2124,17-07-2023,10,46,1800,5
2125,17-07-2023,13,49,450,4
2129,17-07-2023,22,21,400,5
2130,17-07-2023,24,14,500,4
2135,18-07-2023,6,43,1200,5
2136,18-07-2023,7,7,1500,5
2145,19-07-2023,5,47,450,5
2155,20-07-2023,2,1,900,4
2158,20-07-2023,10,15,1800,5
2159,20-07-2023,12,51,300,5
2167,21-07-2023,1,74,350,5
2176,21-07-2023,13,52,450,4
2177,21-07-2023,15,17,350,5
2187,22-07-2023,4,69,600,4
2189,22-07-2023,16,34,500,5
2192,22-07-2023,20,23,800,4
2193,22-07-2023,20,33,800,5
2198,22-07-2023,23,78,250,4
2199,22-07-2023,24,79,500,5
2200,23-07-2023,2,39,900,4
2202,23-07-2023,3,62,250,5
2204,23-07-2023,14,31,320,4
2207,23-07-2023,22,1,400,5
2211,24-07-2023,1,31,350,5
2216,24-07-2023,20,71,800,4
2217,24-07-2023,21,31,650,4
2218,24-07-2023,22,35,400,4
2219,24-07-2023,24,61,500,5
2222,24-07-2023,26,61,900,5
2223,25-07-2023,3,68,250,5
2224,25-07-2023,7,10,1500,5
2226,25-07-2023,13,30,450,5
2230,25-07-2023,22,27,400,5
2231,25-07-2023,28,45,300,4
2238,26-07-2023,14,4,320,5
2240,26-07-2023,16,27,500,4
2242,26-07-2023,20,79,800,4
2248,27-07-2023,8,49,750,5
2250,27-07-2023,14,3,320,4
2251,27-07-2023,14,16,320,5
2252,27-07-2023,23,10,250,5
2253,27-07-2023,27,64,200,5
2255,28-07-2023,8,26,750,5
2259,28-07-2023,16,23,500,4
2262,28-07-2023,28,26,300,4
2269,29-07-2023,14,27,320,5
2270,29-07-2023,23,69,250,4
2274,30-07-2023,1,29,350,5
2278,30-07-2023,8,41,750,5
2279,30-07-2023,11,70,550,5
2282,30-07-2023,20,42,800,4
2283,30-07-2023,21,9,650,4
2284,31-07-2023,1,50,350,5
2291,31-07-2023,13,23,450,4
2294,31-07-2023,28,32,300,5
2295,01-08-2023,1,26,350,4
2296,01-08-2023,2,14,900,4
2298,01-08-2023,8,4,750,4
2299,01-08-2023,11,27,550,4
2301,01-08-2023,18,42,450,4
2302,01-08-2023,18,75,450,5
2304,01-08-2023,22,58,400,5
2308,02-08-2023,11,74,550,4
2309,02-08-2023,24,37,500,4
2313,02-08-2023,24,75,500,5
2315,02-08-2023,24,76,500,4
2320,03-08-2023,24,24,500,5
2321,03-08-2023,24,61,500,5
2322,03-08-2023,24,52,500,4
2323,03-08-2023,24,2,500,4
2324,03-08-2023,24,29,500,4
2327,03-08-2023,24,51,500,5
2328,03-08-2023,24,70,500,4
2330,04-08-2023,24,3,500,5
2332,04-08-2023,24,10,500,4
2336,04-08-2023,24,36,500,4
2337,05-08-2023,24,73,500,5
2345,06-08-2023,24,66,500,5
2346,06-08-2023,24,31,500,4
2347,06-08-2023,24,20,500,4
2351,07-08-2023,24,6,500,5
2352,07-08-2023,24,1,500,4
2353,07-08-2023,24,29,500,5
2359,07-08-2023,24,72,500,5
2364,08-08-2023,24,53,500,4
2368,08-08-2023,24,9,500,5
2371,09-08-2023,24,42,500,4
2372,09-08-2023,24,3,500,5
2374,09-08-2023,24,17,500,4
2376,09-08-2023,24,30,500,5
2380,10-08-2023,24,12,500,4
2381,10-08-2023,24,62,500,5
2385,10-08-2023,24,44,500,5
2386,10-08-2023,24,46,500,5
2387,10-08-2023,24,29,500,5
2389,10-08-2023,24,63,500,5
2395,11-08-2023,24,36,500,4
2396,11-08-2023,24,48,500,4
2399,11-08-2023,24,34,500,5
2400,11-08-2023,24,67,500,4
2404,11-08-2023,24,50,500,4
2405,12-08-2023,24,54,500,5
2410,12-08-2023,24,19,500,4
2411,12-08-2023,24,5,500,4
2414,12-08-2023,24,48,500,4
2416,13-08-2023,24,25,500,5
2417,13-08-2023,24,41,500,5
2422,13-08-2023,24,31,500,5
2423,14-08-2023,24,24,500,5
2426,14-08-2023,24,4,500,5
2428,14-08-2023,24,72,500,4
2430,14-08-2023,24,1,500,5
2434,15-08-2023,24,37,500,4
2436,15-08-2023,24,31,500,4
2440,15-08-2023,24,34,500,5
2441,15-08-2023,24,46,500,5
2442,15-08-2023,24,59,500,5
2445,16-08-2023,24,64,500,5
2448,16-08-2023,24,63,500,5
2459,17-08-2023,24,24,500,4
2462,17-08-2023,24,5,500,4
2463,17-08-2023,24,32,500,4
2467,18-08-2023,24,75,500,5
2473,19-08-2023,24,15,500,4
2478,19-08-2023,24,12,500,5
2480,19-08-2023,24,41,500,4
2483,19-08-2023,24,18,500,5
2488,20-08-2023,24,46,500,5
2490,20-08-2023,24,3,500,5
2500,21-08-2023,24,36,500,4
2505,22-08-2023,24,67,500,5
2506,22-08-2023,24,66,500,5
2510,22-08-2023,24,24,500,4
2512,22-08-2023,24,62,500,5
2516,23-08-2023,24,65,500,4
2523,23-08-2023,24,35,500,5
2525,24-08-2023,24,76,500,5
2527,24-08-2023,24,52,500,4
2529,25-08-2023,24,40,500,4
2530,25-08-2023,24,42,500,4
2533,25-08-2023,24,59,500,5
2538,25-08-2023,24,42,500,4
2539,25-08-2023,24,54,500,5
2542,26-08-2023,24,71,500,5
2543,26-08-2023,24,41,500,5
2544,26-08-2023,24,28,500,4
2545,26-08-2023,24,27,500,5
2548,26-08-2023,24,69,500,5
2549,26-08-2023,24,27,500,4
2550,26-08-2023,24,76,500,5
2553,26-08-2023,24,76,500,4
2554,26-08-2023,24,61,500,5
2556,27-08-2023,24,15,500,4
2559,27-08-2023,24,18,500,5
2560,27-08-2023,24,77,500,4
2561,27-08-2023,24,38,500,4
2562,27-08-2023,24,28,500,4
2565,28-08-2023,24,76,500,5
2567,28-08-2023,24,14,500,4
2569,28-08-2023,24,2,500,4
2571,28-08-2023,24,28,500,4
2573,28-08-2023,24,11,500,5
2576,28-08-2023,24,39,500,5
2580,28-08-2023,24,65,500,4
2583,29-08-2023,24,20,500,5
2585,29-08-2023,24,25,500,4
2591,30-08-2023,24,23,500,4
2592,30-08-2023,24,74,500,5
2598,31-08-2023,24,77,500,4
2601,31-08-2023,24,19,500,5
2606,31-08-2023,24,23,500,5
2607,31-08-2023,24,52,500,4
2609,01-09-2023,24,1,500,5
2613,01-09-2023,24,20,500,5
2615,01-09-2023,24,44,500,4
2616,01-09-2023,24,45,500,5
2617,01-09-2023,24,24,500,5
2619,01-09-2023,24,3,500,5
2620,01-09-2023,24,61,500,5
2625,01-09-2023,24,74,500,4
2630,01-09-2023,24,78,500,5
2633,01-09-2023,24,69,500,4
2634,01-09-2023,24,49,500,5
2635,01-09-2023,24,45,500,5
2640,02-09-2023,24,68,500,5
2643,02-09-2023,24,29,500,5
2644,02-09-2023,24,39,500,4
2648,02-09-2023,24,6,500,4
2649,02-09-2023,24,7,500,4
2652,02-09-2023,24,64,500,4
2653,02-09-2023,24,56,500,4
2654,02-09-2023,24,74,500,4
2658,02-09-2023,24,32,500,5
2660,02-09-2023,24,8,500,4
2663,02-09-2023,24,20,500,5
2666,02-09-2023,24,44,500,5
2670,03-09-2023,24,34,500,4
2675,03-09-2023,24,75,500,4
2677,03-09-2023,24,56,500,5
2678,03-09-2023,24,61,500,5
2685,03-09-2023,24,26,500,5
2693,03-09-2023,24,72,500,4
2698,04-09-2023,24,59,500,4
2699,04-09-2023,24,22,500,4
2702,04-09-2023,24,69,500,4
2705,04-09-2023,24,49,500,5
2707,04-09-2023,24,41,500,5
2708,04-09-2023,24,60,500,5
2710,04-09-2023,24,31,500,4
2716,04-09-2023,24,1,500,4
2717,04-09-2023,24,2,500,5
2718,04-09-2023,24,48,500,5
2719,04-09-2023,24,38,500,4
2720,04-09-2023,24,49,500,4
2721,04-09-2023,24,23,500,5
2726,05-09-2023,24,16,500,4
2739,05-09-2023,24,14,500,4
2740,05-09-2023,24,22,500,4
2742,05-09-2023,24,25,500,4
2744,05-09-2023,24,65,500,5
2746,05-09-2023,24,12,500,4
2757,06-09-2023,24,75,500,5
2762,06-09-2023,24,27,500,4
2765,06-09-2023,24,18,500,5
2767,06-09-2023,24,49,500,4
2772,06-09-2023,24,33,500,5
2775,06-09-2023,24,15,500,4
2777,06-09-2023,24,66,500,5
2778,06-09-2023,24,54,500,4
2780,06-09-2023,24,59,500,4
2790,07-09-2023,21,62,650,5
2791,07-09-2023,22,14,400,5
2792,07-09-2023,22,32,400,4
2793,07-09-2023,22,5,400,5
2797,07-09-2023,23,75,250,5
2803,07-09-2023,24,59,500,4
2804,07-09-2023,24,6,500,4
2805,07-09-2023,24,12,500,4
2810,07-09-2023,24,58,500,4
2817,07-09-2023,24,3,500,4
2819,07-09-2023,24,46,500,4
2820,08-09-2023,21,5,650,4
2822,08-09-2023,21,25,650,4
2827,08-09-2023,21,10,650,4
2829,08-09-2023,21,41,650,4
2831,08-09-2023,22,43,400,4
2834,08-09-2023,22,6,400,4
2835,08-09-2023,22,13,400,5
2840,08-09-2023,23,65,250,5
2841,08-09-2023,23,22,250,5
2847,08-09-2023,24,16,500,5
2850,09-09-2023,21,25,650,5
2852,09-09-2023,21,64,650,4
2859,09-09-2023,22,21,400,4
2866,09-09-2023,22,17,400,5
2868,09-09-2023,22,27,400,4
2870,09-09-2023,22,48,400,5
2873,09-09-2023,23,36,250,5
2876,09-09-2023,23,46,250,5
2877,09-09-2023,23,39,250,4
2880,09-09-2023,24,3,500,4
2885,09-09-2023,24,42,500,5
2886,09-09-2023,24,44,500,5
2892,10-09-2023,21,34,650,5
2894,10-09-2023,21,76,650,4
2896,10-09-2023,21,68,650,5
2897,10-09-2023,21,57,650,5
2900,10-09-2023,22,3,400,5
2903,10-09-2023,22,78,400,5
2905,10-09-2023,22,79,400,4
2907,10-09-2023,22,64,400,5
2910,10-09-2023,22,59,400,5
2912,10-09-2023,22,40,400,4
2914,10-09-2023,23,45,250,5
2916,10-09-2023,23,67,250,5
2917,10-09-2023,23,59,250,4
2920,10-09-2023,23,74,250,4
2921,10-09-2023,23,14,250,4
2922,10-09-2023,23,64,250,5
2930,10-09-2023,24,59,500,4
2931,10-09-2023,24,13,500,4
2933,11-09-2023,21,13,650,5
2934,11-09-2023,21,48,650,5
2937,11-09-2023,21,27,650,4
2938,11-09-2023,21,38,650,4
2940,11-09-2023,22,70,400,5
2942,11-09-2023,22,30,400,5
2945,11-09-2023,22,67,400,4
2947,11-09-2023,23,28,250,5
2951,11-09-2023,23,52,250,5
2960,12-09-2023,21,40,650,4
2962,12-09-2023,21,7,650,5
2965,12-09-2023,22,80,400,5
2967,12-09-2023,22,14,400,4
2972,12-09-2023,23,74,250,4
2976,12-09-2023,24,55,500,4
2978,12-09-2023,24,65,500,4
2979,13-09-2023,21,15,650,5
2981,13-09-2023,21,22,650,4
2983,13-09-2023,21,47,650,5
2991,13-09-2023,22,7,400,4
2996,13-09-2023,23,9,250,5
2998,13-09-2023,24,13,500,5
2999,13-09-2023,24,62,500,5
3004,14-09-2023,21,51,650,5
3010,14-09-2023,22,33,400,4
3012,14-09-2023,22,7,400,4
3015,14-09-2023,22,18,400,4
3020,14-09-2023,23,14,250,4
3024,14-09-2023,24,17,500,4
3025,14-09-2023,24,1,500,5
3026,14-09-2023,24,61,500,5
3037,15-09-2023,21,72,650,4
3038,15-09-2023,22,1,400,4
3039,15-09-2023,22,67,400,5
3040,15-09-2023,22,41,400,5
3043,15-09-2023,22,46,400,5
3045,15-09-2023,23,41,250,5
3049,15-09-2023,23,54,250,5
3051,15-09-2023,23,13,250,4
3052,15-09-2023,24,1,500,4
3053,15-09-2023,24,24,500,5
3055,15-09-2023,24,68,500,4
3061,15-09-2023,24,41,500,4
3067,16-09-2023,21,10,650,5
3069,16-09-2023,21,45,650,4
3075,16-09-2023,22,66,400,4
3078,16-09-2023,22,62,400,5
3079,16-09-2023,22,44,400,4
3082,16-09-2023,23,1,250,4
3086,16-09-2023,24,57,500,4
3088,16-09-2023,24,6,500,4
3089,17-09-2023,21,52,650,4
3090,17-09-2023,21,52,650,5
3091,17-09-2023,21,51,650,4
3093,17-09-2023,21,53,650,5
3095,17-09-2023,22,64,400,4
3096,17-09-2023,22,54,400,4
3098,17-09-2023,22,42,400,4
3101,17-09-2023,23,29,250,4
3104,17-09-2023,23,48,250,4
3105,17-09-2023,23,26,250,5
3108,17-09-2023,23,46,250,4
3112,17-09-2023,24,14,500,4
3114,17-09-2023,24,7,500,5
3116,17-09-2023,24,33,500,5
3118,18-09-2023,21,57,650,5
3122,18-09-2023,21,19,650,4
3132,18-09-2023,22,33,400,4
3133,18-09-2023,22,53,400,4
3137,18-09-2023,23,3,250,4
3139,18-09-2023,23,22,250,4
3144,18-09-2023,23,31,250,5
3145,18-09-2023,23,26,250,4
3151,18-09-2023,24,35,500,5
3154,18-09-2023,24,65,500,4
3155,18-09-2023,24,29,500,5
3156,18-09-2023,24,13,500,4
3162,19-09-2023,21,40,650,5
3163,19-09-2023,21,73,650,5
3165,19-09-2023,21,10,650,5
3168,19-09-2023,22,2,400,5
3169,19-09-2023,22,58,400,4
3172,19-09-2023,22,31,400,5
3174,19-09-2023,22,13,400,5
3175,19-09-2023,22,22,400,4
3177,19-09-2023,22,14,400,4
3182,19-09-2023,23,9,250,4
3183,19-09-2023,24,9,500,4
3187,19-09-2023,24,65,500,5
3188,19-09-2023,24,11,500,4
3190,19-09-2023,24,53,500,5
3192,19-09-2023,24,63,500,4
3194,19-09-2023,24,16,500,4
3197,20-09-2023,21,15,650,5
3199,20-09-2023,21,11,650,5
3202,20-09-2023,21,53,650,5
3204,20-09-2023,21,71,650,5
3206,20-09-2023,22,78,400,5
3207,20-09-2023,22,15,400,5
3209,20-09-2023,22,5,400,5
3217,20-09-2023,24,14,500,4
3220,20-09-2023,24,46,500,4
3224,20-09-2023,24,42,500,4
3225,21-09-2023,21,19,650,4
3226,21-09-2023,21,65,650,5
3229,21-09-2023,21,78,650,4
3233,21-09-2023,21,25,650,4
3234,21-09-2023,22,13,400,5
3235,21-09-2023,22,57,400,5
3237,21-09-2023,22,11,400,4
3238,21-09-2023,22,56,400,4
3240,21-09-2023,22,15,400,4
3243,21-09-2023,22,57,400,4
3252,21-09-2023,24,48,500,5
3257,22-09-2023,21,32,650,4
3259,22-09-2023,21,59,650,5
3261,22-09-2023,21,79,650,5
3270,22-09-2023,22,66,400,4
3271,22-09-2023,22,70,400,5
3272,22-09-2023,22,39,400,4
3274,22-09-2023,23,53,250,4
3278,22-09-2023,23,77,250,4
3279,22-09-2023,23,70,250,5
3280,22-09-2023,23,80,250,5
3281,22-09-2023,23,43,250,4
3282,22-09-2023,23,15,250,5
3287,22-09-2023,24,52,500,4
3290,22-09-2023,24,60,500,5
3291,22-09-2023,24,78,500,4
3293,23-09-2023,21,53,650,5
3294,23-09-2023,21,69,650,5
3295,23-09-2023,21,32,650,5
3299,23-09-2023,21,8,650,4
3300,23-09-2023,21,29,650,4
3302,23-09-2023,22,3,400,4
3303,23-09-2023,22,63,400,5
3304,23-09-2023,22,9,400,5
3305,23-09-2023,22,35,400,5
3306,23-09-2023,22,5,400,4
3307,23-09-2023,23,53,250,4
3317,23-09-2023,24,63,500,5
3322,23-09-2023,24,3,500,4
3324,23-09-2023,24,53,500,4
3328,24-09-2023,21,58,650,5
3329,24-09-2023,21,29,650,4
3331,24-09-2023,22,67,400,4
3332,24-09-2023,22,49,400,5
3333,24-09-2023,22,65,400,4
3336,24-09-2023,22,42,400,4
3340,24-09-2023,23,27,250,4
3341,24-09-2023,23,72,250,5
3348,24-09-2023,24,72,500,4
3352,25-09-2023,21,12,650,4
3356,25-09-2023,21,69,650,5
3359,25-09-2023,22,38,400,5
3360,25-09-2023,22,56,400,5
3361,25-09-2023,22,48,400,4
3364,25-09-2023,22,45,400,4
3365,25-09-2023,22,41,400,5
3368,25-09-2023,23,24,250,4
3370,25-09-2023,23,20,250,4
3371,25-09-2023,23,58,250,4
3375,25-09-2023,24,58,500,5
3383,26-09-2023,21,39,650,5
3385,26-09-2023,21,39,650,4
3388,26-09-2023,21,17,650,4
3396,26-09-2023,23,26,250,4
3398,26-09-2023,23,31,250,5
3399,26-09-2023,23,60,250,5
3400,26-09-2023,23,63,250,5
3401,26-09-2023,23,33,250,4
3405,26-09-2023,24,18,500,5
3407,26-09-2023,24,40,500,4
3408,26-09-2023,24,52,500,4
3410,27-09-2023,21,51,650,5
3412,27-09-2023,21,5,650,5
3419,27-09-2023,22,76,400,5
3421,27-09-2023,22,26,400,5
3428,27-09-2023,23,67,250,4
3429,27-09-2023,23,6,250,4
3430,27-09-2023,24,53,500,5
3442,28-09-2023,21,18,650,5
3443,28-09-2023,21,58,650,5
3444,28-09-2023,21,1,650,4
3445,28-09-2023,21,65,650,4
3453,28-09-2023,22,14,400,5
3455,28-09-2023,23,26,250,5
3456,28-09-2023,23,74,250,5
3462,28-09-2023,24,24,500,5
3464,28-09-2023,24,49,500,5
3466,28-09-2023,24,35,500,5
3468,28-09-2023,24,66,500,5
3473,29-09-2023,21,41,650,5
3480,29-09-2023,21,12,650,5
3482,29-09-2023,22,27,400,4
3483,29-09-2023,22,30,400,4
3488,29-09-2023,22,64,400,5
3489,29-09-2023,22,45,400,4
3496,29-09-2023,23,72,250,5
3497,29-09-2023,23,74,250,5
3500,29-09-2023,24,9,500,5
3501,29-09-2023,24,10,500,5
3502,29-09-2023,24,12,500,5
3514,30-09-2023,22,60,400,4
3515,30-09-2023,22,64,400,5
3519,30-09-2023,23,6,250,4
3520,30-09-2023,23,37,250,4
3522,30-09-2023,23,4,250,5
3523,30-09-2023,23,33,250,4
3524,30-09-2023,23,78,250,5
3528,30-09-2023,24,10,500,4
3530,30-09-2023,24,7,500,5
3533,01-10-2023,21,80,650,4
3536,01-10-2023,21,18,650,5
3549,01-10-2023,22,14,400,5
3550,01-10-2023,22,11,400,4
3552,01-10-2023,23,21,250,5
3553,01-10-2023,23,64,250,5
3554,01-10-2023,23,72,250,5
3555,01-10-2023,23,45,250,4
3558,01-10-2023,23,51,250,4
3562,01-10-2023,23,74,250,5
3568,01-10-2023,24,60,500,4
3569,01-10-2023,24,54,500,5
3571,01-10-2023,24,41,500,5
3572,01-10-2023,24,56,500,4
3579,02-10-2023,2,26,900,4
3581,02-10-2023,4,1,600,5
3583,02-10-2023,4,63,600,5
3584,02-10-2023,4,56,600,5
3585,02-10-2023,6,60,1200,4
3588,02-10-2023,7,18,1500,5
3591,02-10-2023,9,69,700,5
3592,02-10-2023,9,11,700,5
3593,02-10-2023,10,45,1800,5
3599,02-10-2023,21,52,650,4
3601,02-10-2023,21,58,650,4
3602,02-10-2023,21,75,650,5
3603,02-10-2023,22,76,400,5
3606,02-10-2023,23,60,250,5
3608,02-10-2023,24,67,500,4
3609,02-10-2023,24,65,500,4
3610,03-10-2023,1,25,350,4
3611,03-10-2023,1,25,350,5
3615,03-10-2023,2,10,900,4
3616,03-10-2023,4,52,600,4
3617,03-10-2023,6,35,1200,5
3624,03-10-2023,7,77,1500,4
3629,03-10-2023,10,14,1800,4
3630,03-10-2023,10,13,1800,5
3631,03-10-2023,11,45,550,5
3632,03-10-2023,11,31,550,4
3633,03-10-2023,11,52,550,4
3634,04-10-2023,1,69,350,5
3637,04-10-2023,1,31,350,5
3639,04-10-2023,2,54,900,4
3643,04-10-2023,5,64,450,4
3644,04-10-2023,5,52,450,5
3646,04-10-2023,5,41,450,4
3648,04-10-2023,5,39,450,5
3649,04-10-2023,6,21,1200,5
3650,04-10-2023,6,76,1200,5
3653,04-10-2023,7,13,1500,4
3654,04-10-2023,7,66,1500,4
3656,04-10-2023,8,63,750,4
3658,04-10-2023,8,57,750,4
3659,04-10-2023,9,7,700,5
3660,04-10-2023,10,24,1800,5
3668,05-10-2023,2,71,900,5
3670,05-10-2023,4,61,600,4
3675,05-10-2023,7,49,1500,4
3679,05-10-2023,7,12,1500,5
3681,05-10-2023,8,73,750,4
3682,05-10-2023,8,55,750,5
3689,05-10-2023,9,62,700,5
3691,05-10-2023,10,5,1800,4
3692,05-10-2023,11,27,550,5
3694,05-10-2023,11,16,550,4
3696,06-10-2023,1,68,350,5
3702,06-10-2023,3,18,250,4
3703,06-10-2023,3,37,250,4
3705,06-10-2023,4,20,600,5
3706,06-10-2023,5,67,450,4
3707,06-10-2023,6,42,1200,4
3711,06-10-2023,7,52,1500,5
3715,06-10-2023,9,55,700,4
3717,06-10-2023,10,10,1800,4
3718,06-10-2023,10,13,1800,5
3732,07-10-2023,2,31,900,5
3734,07-10-2023,3,8,250,4
3737,07-10-2023,3,21,250,4
3738,07-10-2023,4,13,600,5
3740,07-10-2023,4,73,600,5
3743,07-10-2023,5,35,450,5
3749,07-10-2023,6,78,1200,5
3752,07-10-2023,7,49,1500,5
3753,07-10-2023,8,45,750,4
3754,07-10-2023,8,59,750,5
3756,07-10-2023,9,68,700,5
3757,07-10-2023,9,42,700,5
3760,07-10-2023,10,2,1800,4
3762,08-10-2023,2,22,900,4
3763,08-10-2023,2,23,900,5
3765,08-10-2023,2,65,900,4
3770,08-10-2023,7,77,1500,5
3773,08-10-2023,9,12,700,4
3774,08-10-2023,10,46,1800,4
3780,09-10-2023,2,56,900,4
3781,09-10-2023,2,56,900,5
3783,09-10-2023,2,22,900,5
3788,09-10-2023,3,22,250,4
3793,09-10-2023,6,6,1200,4
3796,09-10-2023,7,26,1500,4
3806,09-10-2023,9,12,700,5
3807,09-10-2023,9,18,700,5
3811,10-10-2023,2,68,900,4
3817,10-10-2023,4,62,600,5
3821,10-10-2023,5,67,450,5
3825,10-10-2023,7,34,1500,5
3827,10-10-2023,7,44,1500,4
3832,10-10-2023,8,39,750,4
3834,10-10-2023,9,75,700,4
3835,10-10-2023,10,69,1800,4
3837,10-10-2023,11,40,550,5
3839,10-10-2023,11,25,550,5
3840,10-10-2023,11,74,550,5
3841,11-10-2023,2,11,900,5
3845,11-10-2023,4,7,600,4
3847,11-10-2023,4,14,600,5
3851,11-10-2023,7,49,1500,5
3853,11-10-2023,7,38,1500,5
3854,11-10-2023,8,80,750,4
3858,11-10-2023,10,40,1800,4
3865,12-10-2023,1,5,350,5
3868,12-10-2023,2,65,900,4
3871,12-10-2023,4,70,600,5
3873,12-10-2023,4,71,600,5
3876,12-10-2023,5,41,450,5
3878,12-10-2023,5,6,450,4
3883,12-10-2023,8,66,750,5
3885,12-10-2023,8,53,750,5
3890,12-10-2023,9,51,700,4
3891,12-10-2023,9,74,700,5
3898,13-10-2023,2,59,900,5
3901,13-10-2023,2,10,900,4
3906,13-10-2023,5,70,450,4
3911,13-10-2023,6,59,1200,5
3914,13-10-2023,7,70,1500,5
3919,13-10-2023,11,49,550,5
3920,13-10-2023,11,7,550,5
3921,13-10-2023,11,73,550,4
3923,14-10-2023,1,4,350,4
3924,14-10-2023,1,47,350,5
3926,14-10-2023,2,10,900,4
3927,14-10-2023,2,9,900,4
3929,14-10-2023,2,78,900,5
3936,14-10-2023,4,29,600,5
3942,14-10-2023,6,38,1200,4
3944,14-10-2023,7,65,1500,4
3949,14-10-2023,8,4,750,4
3950,14-10-2023,9,57,700,5
3952,14-10-2023,10,36,1800,4
3964,15-10-2023,3,44,250,5
3967,15-10-2023,5,73,450,5
3970,15-10-2023,7,23,1500,4
3971,15-10-2023,7,54,1500,4
3973,15-10-2023,8,18,750,5
3974,15-10-2023,9,60,700,4
3975,15-10-2023,9,25,700,4
3977,15-10-2023,9,63,700,4
3978,15-10-2023,9,35,700,4
3984,16-10-2023,2,28,900,4
3986,16-10-2023,3,37,250,5
3991,16-10-2023,4,50,600,4
3995,16-10-2023,8,23,750,4
3997,16-10-2023,8,72,750,4
3998,16-10-2023,9,33,700,4
4001,16-10-2023,9,43,700,5
4006,16-10-2023,11,58,550,5
4012,17-10-2023,5,32,450,5
4016,17-10-2023,7,51,1500,4
4029,18-10-2023,1,16,350,5
4032,18-10-2023,3,38,250,4
4033,18-10-2023,3,24,250,4
4034,18-10-2023,3,27,250,5
4037,18-10-2023,5,7,450,5
4038,18-10-2023,5,35,450,4
4039,18-10-2023,5,32,450,5
4040,18-10-2023,5,21,450,4
4042,18-10-2023,6,77,1200,5
4043,18-10-2023,7,28,1500,5
4044,18-10-2023,7,31,1500,4
4046,18-10-2023,8,59,750,4
4053,18-10-2023,11,65,550,5
4061,19-10-2023,4,62,600,4
4063,19-10-2023,4,50,600,5
4066,19-10-2023,4,10,600,4
4070,19-10-2023,5,52,450,5
4074,19-10-2023,7,41,1500,5
4075,19-10-2023,8,64,750,4
4080,19-10-2023,10,43,1800,5
4084,20-10-2023,1,61,350,4
4089,20-10-2023,4,9,600,5
4090,20-10-2023,4,30,600,5
4095,20-10-2023,8,49,750,5
4105,21-10-2023,2,31,900,5
4106,21-10-2023,2,78,900,5
4108,21-10-2023,2,20,900,4
4113,21-10-2023,5,35,450,5
4116,21-10-2023,7,58,1500,5
4118,21-10-2023,9,22,700,5
4123,21-10-2023,11,30,550,4
4126,22-10-2023,1,11,350,5
4127,22-10-2023,1,59,350,5
4131,22-10-2023,2,42,900,5
4132,22-10-2023,2,44,900,5
4134,22-10-2023,3,29,250,4
4135,22-10-2023,3,5,250,4
4139,22-10-2023,7,33,1500,4
4142,22-10-2023,8,34,750,5
4147,22-10-2023,9,73,700,5
4150,22-10-2023,10,22,1800,4
4151,22-10-2023,10,44,1800,4
4152,22-10-2023,10,54,1800,5
4154,22-10-2023,11,72,550,5
4155,22-10-2023,11,32,550,5
4159,23-10-2023,1,10,350,4
4164,23-10-2023,3,44,250,5
4166,23-10-2023,3,37,250,4
4170,23-10-2023,5,42,450,4
4171,23-10-2023,5,52,450,4
4173,23-10-2023,5,74,450,5
4179,23-10-2023,7,30,1500,4
4186,23-10-2023,9,78,700,5
4187,23-10-2023,9,62,700,4
4190,23-10-2023,10,69,1800,5
4199,24-10-2023,4,65,600,4
4203,24-10-2023,6,51,1200,4
4210,24-10-2023,8,44,750,4
4211,24-10-2023,9,58,700,4
4213,24-10-2023,9,61,700,4
4217,24-10-2023,11,12,550,4
4218,25-10-2023,1,12,350,5
4225,25-10-2023,3,33,250,4
4227,25-10-2023,4,7,600,5
4237,25-10-2023,11,65,550,5
4238,26-10-2023,1,22,350,4
4241,26-10-2023,2,22,900,5
4242,26-10-2023,2,8,900,5
4246,26-10-2023,3,39,250,4
4250,26-10-2023,4,79,600,5
4251,26-10-2023,5,12,450,5
4253,26-10-2023,6,50,1200,4
4264,27-10-2023,2,17,900,5
4266,27-10-2023,3,38,250,4
4267,27-10-2023,3,36,250,4
4268,27-10-2023,3,39,250,4
4271,27-10-2023,4,6,600,4
4281,27-10-2023,6,42,1200,4
4283,27-10-2023,7,32,1500,4
4284,27-10-2023,7,59,1500,5
4290,27-10-2023,8,32,750,5
4293,27-10-2023,10,37,1800,5
4301,28-10-2023,1,57,350,5
4302,28-10-2023,1,10,350,4
4304,28-10-2023,3,10,250,4
4307,28-10-2023,4,41,600,4
4314,28-10-2023,6,31,1200,4
4320,28-10-2023,8,37,750,4
4325,28-10-2023,10,32,1800,5
4329,28-10-2023,11,58,550,4
4330,28-10-2023,11,68,550,4
4331,29-10-2023,1,30,350,5
4332,29-10-2023,1,46,350,4
4338,29-10-2023,2,77,900,5
4341,29-10-2023,6,24,1200,4
4342,29-10-2023,7,43,1500,5
4343,29-10-2023,7,24,1500,5
4348,29-10-2023,9,43,700,5
4353,29-10-2023,11,21,550,4
4357,30-10-2023,1,20,350,4
4366,30-10-2023,10,70,1800,4
4369,31-10-2023,2,38,900,4
4377,31-10-2023,5,46,450,5
4378,31-10-2023,5,42,450,5
4382,31-10-2023,6,5,1200,5
4385,31-10-2023,9,4,700,5
4390,01-11-2023,2,16,900,5
4391,01-11-2023,3,44,250,4
4392,01-11-2023,3,21,250,4
4393,01-11-2023,3,19,250,4
4404,01-11-2023,6,55,1200,4
4406,01-11-2023,7,51,1500,4
4409,01-11-2023,8,71,750,4
4412,01-11-2023,9,64,700,4
4418,01-11-2023,10,59,1800,4
4419,01-11-2023,10,7,1800,5
4420,01-11-2023,11,13,550,4
4425,02-11-2023,1,54,350,4
4428,02-11-2023,2,36,900,4
4430,02-11-2023,2,39,900,4
4431,02-11-2023,2,40,900,5
4435,02-11-2023,4,52,600,5
4436,02-11-2023,4,79,600,4
4443,02-11-2023,6,36,1200,5
4445,02-11-2023,6,26,1200,4
4448,02-11-2023,8,40,750,5
4449,02-11-2023,8,30,750,5
4451,02-11-2023,9,66,700,5
4453,02-11-2023,9,43,700,4
4456,02-11-2023,9,42,700,5
4457,02-11-2023,10,9,1800,5
4464,02-11-2023,11,31,550,4
4469,03-11-2023,3,80,250,5
4471,03-11-2023,4,55,600,4
4472,03-11-2023,5,24,450,5
4489,03-11-2023,10,23,1800,4
4492,03-11-2023,11,73,550,5
4494,04-11-2023,1,55,350,5
4496,04-11-2023,2,66,900,5
4497,04-11-2023,2,68,900,4
4498,04-11-2023,2,3,900,4
4499,04-11-2023,2,11,900,5
4504,04-11-2023,5,1,450,4
4505,04-11-2023,5,22,450,5
4507,04-11-2023,6,73,1200,4
4511,04-11-2023,8,71,750,4
4513,04-11-2023,9,76,700,5
4514,04-11-2023,10,56,1800,4
4516,04-11-2023,10,3,1800,4
4518,04-11-2023,10,16,1800,5
4523,04-11-2023,11,77,550,4
4526,05-11-2023,1,69,350,4
4528,05-11-2023,2,8,900,4
4530,05-11-2023,2,78,900,5
4531,05-11-2023,2,33,900,5
4539,05-11-2023,4,36,600,5
4541,05-11-2023,4,24,600,5
4546,05-11-2023,6,50,1200,4
4547,05-11-2023,6,40,1200,5
4553,05-11-2023,8,7,750,4
4555,05-11-2023,8,68,750,4
4557,05-11-2023,9,21,700,5
4560,05-11-2023,10,26,1800,5
4568,06-11-2023,2,30,900,5
4569,06-11-2023,3,70,250,4
4571,06-11-2023,3,68,250,5
4572,06-11-2023,4,60,600,5
4574,06-11-2023,4,39,600,5
4577,06-11-2023,5,63,450,4
4579,06-11-2023,7,7,1500,4
4580,06-11-2023,7,31,1500,5
4581,06-11-2023,8,39,750,4
4582,06-11-2023,8,72,750,4
4583,06-11-2023,8,49,750,5
4586,06-11-2023,10,62,1800,4
4587,06-11-2023,11,52,550,4
4590,06-11-2023,11,41,550,5
4592,07-11-2023,1,32,350,5
4594,07-11-2023,2,19,900,4
4596,07-11-2023,3,39,250,4
4598,07-11-2023,5,10,450,5
4605,07-11-2023,9,12,700,5
4606,07-11-2023,9,24,700,4
4616,08-11-2023,1,34,350,5
4617,08-11-2023,1,26,350,5
4632,08-11-2023,5,57,450,4
4634,08-11-2023,6,46,1200,4
4638,08-11-2023,9,4,700,4
4641,08-11-2023,11,22,550,4
4642,08-11-2023,11,43,550,4
4643,08-11-2023,11,49,550,5
4644,08-11-2023,11,14,550,4
4647,09-11-2023,1,66,350,5
4650,09-11-2023,1,13,350,5
4652,09-11-2023,2,43,900,5
4662,09-11-2023,7,16,1500,4
4664,09-11-2023,7,61,1500,5
4670,09-11-2023,9,7,700,5
4675,10-11-2023,1,73,350,4
4677,10-11-2023,2,24,900,4
4678,10-11-2023,2,33,900,4
4679,10-11-2023,4,16,600,4
4681,10-11-2023,4,76,600,5
4682,10-11-2023,4,66,600,5
4684,10-11-2023,5,68,450,5
4686,10-11-2023,6,16,1200,4
4688,10-11-2023,7,52,1500,5
4693,10-11-2023,8,41,750,4
4694,10-11-2023,9,5,700,5
4697,10-11-2023,9,25,700,5
4698,10-11-2023,10,2,1800,4
4701,10-11-2023,10,54,1800,5
4706,10-11-2023,11,18,550,5
4707,10-11-2023,11,34,550,4
4708,11-11-2023,1,32,350,4
4710,11-11-2023,1,55,350,4
4716,11-11-2023,5,23,450,4
4717,11-11-2023,5,50,450,4
4722,11-11-2023,8,72,750,4
4723,11-11-2023,9,8,700,5
4724,11-11-2023,9,7,700,4
4725,11-11-2023,9,28,700,4
4728,11-11-2023,10,47,1800,5
4730,11-11-2023,10,38,1800,5
4735,11-11-2023,11,66,550,4
4738,12-11-2023,2,71,900,4
4743,12-11-2023,3,14,250,5
4745,12-11-2023,4,47,600,5
4750,12-11-2023,6,58,1200,4
4751,12-11-2023,6,49,1200,4
4752,12-11-2023,7,28,1500,4
4754,12-11-2023,8,40,750,4
4755,12-11-2023,8,62,750,4
4758,12-11-2023,9,36,700,5
4759,12-11-2023,9,39,700,5
4760,12-11-2023,9,21,700,4
4761,12-11-2023,9,55,700,5
4763,12-11-2023,11,57,550,5
4765,12-11-2023,11,15,550,4
4766,13-11-2023,1,43,350,5
4769,13-11-2023,2,55,900,4
4771,13-11-2023,3,21,250,4
4780,13-11-2023,5,45,450,4
4787,13-11-2023,8,30,750,5
4790,13-11-2023,8,65,750,5
4792,13-11-2023,9,74,700,4
4793,13-11-2023,9,29,700,4
4795,13-11-2023,9,35,700,5
4796,13-11-2023,10,54,1800,5
4798,13-11-2023,11,11,550,5
4808,14-11-2023,4,58,600,4
4812,14-11-2023,5,44,450,5
4816,14-11-2023,7,5,1500,4
4820,14-11-2023,8,29,750,4
4839,15-11-2023,2,66,900,5
4844,15-11-2023,3,44,250,5
4845,15-11-2023,4,60,600,4
4846,15-11-2023,5,13,450,4
4847,15-11-2023,5,73,450,4
4848,15-11-2023,5,63,450,5
4850,15-11-2023,7,75,1500,4
4852,15-11-2023,8,69,750,4
4858,15-11-2023,9,23,700,5
4859,15-11-2023,9,78,700,4
4861,15-11-2023,9,5,700,4
4867,16-11-2023,3,42,250,5
4868,16-11-2023,3,8,250,4
4869,16-11-2023,3,33,250,4
4871,16-11-2023,3,65,250,4
4880,16-11-2023,7,36,1500,4
4881,16-11-2023,7,8,1500,4
4884,16-11-2023,9,33,700,4
4885,16-11-2023,11,25,550,5
4886,17-11-2023,1,38,350,5
4888,17-11-2023,1,1,350,5
4892,17-11-2023,5,66,450,4
4898,17-11-2023,5,16,450,5
4899,17-11-2023,6,67,1200,5
4904,17-11-2023,9,67,700,4
4906,17-11-2023,10,59,1800,5
4908,17-11-2023,11,7,550,5
4909,17-11-2023,11,13,550,4
4913,18-11-2023,1,72,350,5
4915,18-11-2023,3,77,250,5
4917,18-11-2023,3,25,250,5
4919,18-11-2023,3,8,250,5
4927,18-11-2023,6,30,1200,5
4928,18-11-2023,7,76,1500,4
4940,18-11-2023,9,23,700,5
4954,19-11-2023,2,48,900,5
4957,19-11-2023,3,21,250,5
4963,19-11-2023,5,50,450,5
4964,19-11-2023,5,9,450,5
4965,19-11-2023,6,53,1200,4
4966,19-11-2023,6,36,1200,5
4975,19-11-2023,8,1,750,5
4981,20-11-2023,1,63,350,5
4984,20-11-2023,1,13,350,5
4989,20-11-2023,3,66,250,4
4990,20-11-2023,3,39,250,5
4994,20-11-2023,5,74,450,5
5001,20-11-2023,8,20,750,4
5005,20-11-2023,10,52,1800,4
5007,20-11-2023,11,65,550,5
5010,20-11-2023,11,20,550,4
5014,21-11-2023,3,3,250,5
5015,21-11-2023,4,17,600,5
5021,21-11-2023,6,42,1200,4
5023,21-11-2023,7,5,1500,5
5032,21-11-2023,10,11,1800,4
5033,21-11-2023,11,32,550,4
5040,22-11-2023,3,35,250,5
5041,22-11-2023,3,48,250,5
5046,22-11-2023,3,66,250,5
5048,22-11-2023,5,44,450,4
5054,22-11-2023,7,44,1500,5
5058,22-11-2023,10,79,1800,4
5059,22-11-2023,11,72,550,4
5067,23-11-2023,1,68,350,4
5070,23-11-2023,4,31,600,5
5071,23-11-2023,4,11,600,5
5079,23-11-2023,8,1,750,5
5082,23-11-2023,9,38,700,5
5088,23-11-2023,10,32,1800,5
5089,23-11-2023,11,44,550,4
5090,24-11-2023,1,74,350,4
5093,24-11-2023,2,30,900,5
5096,24-11-2023,4,9,600,5
5099,24-11-2023,4,77,600,4
5100,24-11-2023,6,67,1200,5
5102,24-11-2023,7,63,1500,5
5108,24-11-2023,11,46,550,4
5110,24-11-2023,11,13,550,4
5112,25-11-2023,2,22,900,5
5114,25-11-2023,3,18,250,5
5117,25-11-2023,3,10,250,5
5119,25-11-2023,4,38,600,5
5120,25-11-2023,5,65,450,5
5124,25-11-2023,7,21,1500,5
5130,25-11-2023,10,21,1800,4
5133,25-11-2023,11,14,550,4
5152,26-11-2023,6,76,1200,4
5156,26-11-2023,9,52,700,5
5158,26-11-2023,10,24,1800,4
5159,26-11-2023,10,76,1800,4
5160,26-11-2023,11,9,550,4
5166,27-11-2023,3,27,250,5
5167,27-11-2023,3,73,250,4
5174,27-11-2023,5,19,450,5
5176,27-11-2023,5,54,450,4
5186,27-11-2023,9,7,700,5
5187,27-11-2023,9,22,700,5
5190,27-11-2023,9,76,700,5
5194,27-11-2023,10,5,1800,5
5196,28-11-2023,1,18,350,5
5197,28-11-2023,1,70,350,5
5199,28-11-2023,2,64,900,4
5209,28-11-2023,5,54,450,4
5210,28-11-2023,7,52,1500,4
5216,28-11-2023,10,8,1800,4
5221,29-11-2023,3,29,250,5
5222,29-11-2023,3,30,250,5
5225,29-11-2023,4,11,600,4
5226,29-11-2023,4,40,600,4
5240,29-11-2023,8,63,750,5
5242,29-11-2023,8,58,750,4
5251,29-11-2023,11,67,550,5
5256,30-11-2023,2,59,900,4
5261,30-11-2023,3,77,250,5
5263,30-11-2023,3,68,250,5
5271,30-11-2023,8,56,750,5
5272,30-11-2023,9,47,700,5
5273,30-11-2023,10,13,1800,4
5279,01-12-2023,1,28,350,5
5301,01-12-2023,5,80,450,5
5306,01-12-2023,6,70,1200,5
5314,01-12-2023,7,26,1500,4
5318,01-12-2023,8,51,750,4
5319,01-12-2023,8,23,750,5
5324,01-12-2023,9,55,700,4
5325,01-12-2023,9,32,700,5
5327,01-12-2023,9,13,700,4
5330,01-12-2023,10,58,1800,4
5333,01-12-2023,10,32,1800,4
5337,01-12-2023,11,27,550,5
5345,02-12-2023,2,11,900,4
5346,02-12-2023,3,36,250,4
5349,02-12-2023,3,72,250,4
5350,02-12-2023,3,9,250,4
5353,02-12-2023,4,34,600,4
5355,02-12-2023,5,40,450,4
5364,02-12-2023,8,17,750,4
5365,02-12-2023,8,16,750,4
5371,02-12-2023,10,60,1800,4
5373,02-12-2023,10,37,1800,4
5377,03-12-2023,1,70,350,4
5381,03-12-2023,2,31,900,5
5383,03-12-2023,2,59,900,5
5386,03-12-2023,3,40,250,5
5387,03-12-2023,3,48,250,5
5389,03-12-2023,4,27,600,5
5398,03-12-2023,7,30,1500,5
5400,03-12-2023,8,49,750,5
5406,04-12-2023,2,51,900,4
5407,04-12-2023,3,55,250,5
5408,04-12-2023,4,11,600,5
5411,04-12-2023,4,25,600,4
5415,04-12-2023,6,37,1200,4
5419,04-12-2023,8,26,750,4
5421,04-12-2023,8,70,750,4
5424,04-12-2023,9,21,700,5
5431,04-12-2023,11,65,550,5
5433,05-12-2023,1,59,350,4
5436,05-12-2023,2,24,900,5
5438,05-12-2023,2,47,900,4
5440,05-12-2023,3,14,250,5
5449,05-12-2023,8,50,750,5
5452,05-12-2023,9,1,700,4
5454,05-12-2023,11,65,550,4
5456,06-12-2023,2,77,900,4
5460,06-12-2023,4,46,600,5
5465,06-12-2023,7,76,1500,4
5469,06-12-2023,10,14,1800,5
5477,07-12-2023,3,19,250,5
5479,07-12-2023,3,28,250,5
5481,07-12-2023,4,7,600,5
5484,07-12-2023,4,3,600,5
5490,07-12-2023,5,61,450,5
5491,07-12-2023,6,76,1200,5
5496,07-12-2023,8,27,750,5
5498,07-12-2023,9,31,700,4
5508,08-12-2023,1,67,350,4
5509,08-12-2023,1,4,350,5
5521,08-12-2023,4,64,600,4
5526,08-12-2023,7,77,1500,4
5536,08-12-2023,9,78,700,4
5538,08-12-2023,9,47,700,4
5539,08-12-2023,9,40,700,5
5541,08-12-2023,10,48,1800,4
5544,09-12-2023,1,73,350,5
5546,09-12-2023,2,51,900,5
5549,09-12-2023,2,59,900,5
5550,09-12-2023,3,62,250,4
5552,09-12-2023,3,44,250,4
5553,09-12-2023,4,70,600,5
5560,09-12-2023,6,44,1200,4
5562,09-12-2023,7,48,1500,5
5569,09-12-2023,10,45,1800,4
5578,10-12-2023,1,19,350,4
5579,10-12-2023,2,3,900,5
5581,10-12-2023,3,51,250,5
5587,10-12-2023,4,50,600,4
5593,10-12-2023,6,37,1200,5
5596,10-12-2023,8,27,750,4
5597,10-12-2023,8,43,750,4
5600,10-12-2023,9,61,700,5
5604,10-12-2023,11,74,550,5
5611,11-12-2023,2,78,900,4
5618,11-12-2023,5,39,450,5
5620,11-12-2023,6,71,1200,4
5623,11-12-2023,8,34,750,5
5624,11-12-2023,8,49,750,5
5639,12-12-2023,5,61,450,5
5644,12-12-2023,7,14,1500,4
5646,12-12-2023,7,45,1500,4
5650,12-12-2023,9,30,700,5
5653,12-12-2023,11,7,550,5
5655,12-12-2023,11,70,550,5
5657,13-12-2023,1,2,350,4
5659,13-12-2023,2,8,900,4
5663,13-12-2023,7,27,1500,4
5672,13-12-2023,10,47,1800,4
5684,14-12-2023,3,11,250,5
5701,14-12-2023,11,20,550,4
5702,15-12-2023,1,76,350,4
5705,15-12-2023,2,4,900,4
5707,15-12-2023,4,9,600,4
5708,15-12-2023,5,24,450,4
5709,15-12-2023,5,5,450,4
5710,15-12-2023,6,54,1200,5
5711,15-12-2023,6,63,1200,5
5712,15-12-2023,7,58,1500,5
5714,15-12-2023,8,33,750,4
5720,15-12-2023,11,22,550,4
5727,16-12-2023,2,73,900,4
5728,16-12-2023,3,45,250,4
5730,16-12-2023,3,70,250,5
5736,16-12-2023,5,26,450,4
5744,16-12-2023,8,51,750,5
5747,16-12-2023,9,14,700,5
5751,17-12-2023,1,14,350,5
5754,17-12-2023,2,78,900,4
5755,17-12-2023,2,35,900,4
5761,17-12-2023,4,9,600,4
5776,17-12-2023,11,60,550,4
5781,18-12-2023,1,53,350,4
5791,18-12-2023,4,6,600,5
5803,18-12-2023,7,16,1500,5
5808,18-12-2023,10,58,1800,4
5811,18-12-2023,11,24,550,5
5816,18-12-2023,11,36,550,4
5821,19-12-2023,5,75,450,4
5824,19-12-2023,5,50,450,5
5829,19-12-2023,9,62,700,5
5830,19-12-2023,9,25,700,4
5845,19-12-2023,14,41,320,5
5849,19-12-2023,14,27,320,5
5850,19-12-2023,14,34,320,5
5851,20-12-2023,14,34,320,5
5855,20-12-2023,14,15,320,5
5862,20-12-2023,14,62,320,4
5864,20-12-2023,14,42,320,5
5866,20-12-2023,14,64,320,4
5870,20-12-2023,14,13,320,5
5873,20-12-2023,14,60,320,5
5877,20-12-2023,14,9,320,4
5881,21-12-2023,14,31,320,4
5884,21-12-2023,14,78,320,4
5890,21-12-2023,14,28,320,5
5891,21-12-2023,14,58,320,5
5896,21-12-2023,14,69,320,4
5899,21-12-2023,14,55,320,5
5905,21-12-2023,14,65,320,4
5909,21-12-2023,14,28,320,4
5913,22-12-2023,14,1,320,4
5914,22-12-2023,14,9,320,4
5919,22-12-2023,14,5,320,5
5920,22-12-2023,14,9,320,5
5923,22-12-2023,14,6,320,4
5924,22-12-2023,14,77,320,4
5931,22-12-2023,14,24,320,4
5934,22-12-2023,14,70,320,5
5941,22-12-2023,14,61,320,4
5942,22-12-2023,14,59,320,4
5943,22-12-2023,14,67,320,5
5944,22-12-2023,14,12,320,4
5945,23-12-2023,14,59,320,4
5946,23-12-2023,14,38,320,5
5948,23-12-2023,14,60,320,4
5953,23-12-2023,14,23,320,4
5955,23-12-2023,14,52,320,5
5958,23-12-2023,14,50,320,4
5960,23-12-2023,14,31,320,4
5962,23-12-2023,14,44,320,5
5964,23-12-2023,14,60,320,4
5969,23-12-2023,14,44,320,5
5972,23-12-2023,14,13,320,4
5976,24-12-2023,14,17,320,5
5978,24-12-2023,14,8,320,4
5981,24-12-2023,14,51,320,4
5982,24-12-2023,14,3,320,4
5985,24-12-2023,14,74,320,5
5989,24-12-2023,14,25,320,4
5996,24-12-2023,14,52,320,5
5997,24-12-2023,14,40,320,5
6000,24-12-2023,14,56,320,5
6006,24-12-2023,14,43,320,4
6009,25-12-2023,14,76,320,4
6012,25-12-2023,14,43,320,5
6013,25-12-2023,14,29,320,5
6018,25-12-2023,14,29,320,5
6020,25-12-2023,14,31,320,5
6024,25-12-2023,14,72,320,4
6027,25-12-2023,14,35,320,4
6040,26-12-2023,14,52,320,4
6048,26-12-2023,14,73,320,4
6053,26-12-2023,14,27,320,4
6055,26-12-2023,14,62,320,5
6057,26-12-2023,14,18,320,5
6061,26-12-2023,14,77,320,4
6063,26-12-2023,14,37,320,4
6065,26-12-2023,14,52,320,5
6067,26-12-2023,14,17,320,4
6069,27-12-2023,14,44,320,4
6072,27-12-2023,14,32,320,4
6075,27-12-2023,14,34,320,5
6076,27-12-2023,14,24,320,5
6079,27-12-2023,14,49,320,4
6084,27-12-2023,14,26,320,4
6086,27-12-2023,14,56,320,5
6089,28-12-2023,14,57,320,4
6096,28-12-2023,14,45,320,5
6098,28-12-2023,14,72,320,5
6099,28-12-2023,14,22,320,5
6100,28-12-2023,14,15,320,5
6113,28-12-2023,14,73,320,5
6130,29-12-2023,14,27,320,4
6134,29-12-2023,14,68,320,4
6138,29-12-2023,14,12,320,5
6139,29-12-2023,14,71,320,4
6141,29-12-2023,14,51,320,4
6146,29-12-2023,14,19,320,5
6149,29-12-2023,14,7,320,4
6154,29-12-2023,14,56,320,5
6157,30-12-2023,14,17,320,4
6164,30-12-2023,14,9,320,4
6168,30-12-2023,14,33,320,4
6175,31-12-2023,14,58,320,4
6177,31-12-2023,14,35,320,4
6180,31-12-2023,14,24,320,4
6182,31-12-2023,14,11,320,5
6203,31-12-2023,14,74,320,4
6205,31-12-2023,14,40,320,4
6206,31-12-2023,14,16,320,5
6209,01-01-2024,14,12,320,5
6211,01-01-2024,14,4,320,5
6212,01-01-2024,14,64,320,5
6213,01-01-2024,14,71,320,4
6217,01-01-2024,14,22,320,5
6224,01-01-2024,14,70,320,5
6226,01-01-2024,14,45,320,5
6229,01-01-2024,14,23,320,5
6233,01-01-2024,14,36,320,5
6239,02-01-2024,14,56,320,5
6244,02-01-2024,14,78,320,4
6256,02-01-2024,14,48,320,4
6260,03-01-2024,14,79,320,5
6268,03-01-2024,14,32,320,5
6269,03-01-2024,14,26,320,5
6271,03-01-2024,14,77,320,4
6283,03-01-2024,14,13,320,4
6284,03-01-2024,14,17,320,4
6289,03-01-2024,14,57,320,5
6297,04-01-2024,14,42,320,4
6298,04-01-2024,14,42,320,4
6299,04-01-2024,14,53,320,4
6303,04-01-2024,14,46,320,4
6307,04-01-2024,14,47,320,4
6312,04-01-2024,14,43,320,5
6314,04-01-2024,14,13,320,5
6316,04-01-2024,14,2,320,5
6320,04-01-2024,14,65,320,5
6321,04-01-2024,14,70,320,4
6322,04-01-2024,14,22,320,4
6327,05-01-2024,14,52,320,4
6328,05-01-2024,14,20,320,5
6331,05-01-2024,14,54,320,5
6335,05-01-2024,14,61,320,5
6339,05-01-2024,14,55,320,5
6340,05-01-2024,14,67,320,4
6355,05-01-2024,14,41,320,5
6356,05-01-2024,14,72,320,4
6360,06-01-2024,14,33,320,4
6368,06-01-2024,14,11,320,4
6370,06-01-2024,14,66,320,4
6371,06-01-2024,14,61,320,4
6378,06-01-2024,14,24,320,4
6381,06-01-2024,14,64,320,4
6382,06-01-2024,14,77,320,5
6385,06-01-2024,14,2,320,5
6387,07-01-2024,14,17,320,5
6388,07-01-2024,14,19,320,4
6391,07-01-2024,14,9,320,5
6392,07-01-2024,14,12,320,5
6399,07-01-2024,14,23,320,4
6406,07-01-2024,14,5,320,4
6407,07-01-2024,14,68,320,4
6408,07-01-2024,14,45,320,4
6413,08-01-2024,14,38,320,4
6414,08-01-2024,14,29,320,5
6421,08-01-2024,14,35,320,4
6422,08-01-2024,14,61,320,4
6428,08-01-2024,14,1,320,5
6434,08-01-2024,14,68,320,5
6438,08-01-2024,14,68,320,5
6442,08-01-2024,14,59,320,4
6444,08-01-2024,14,32,320,5
6449,09-01-2024,14,20,320,4
6454,09-01-2024,14,67,320,4
6457,09-01-2024,14,13,320,4
6467,09-01-2024,14,58,320,5
6468,09-01-2024,14,24,320,4
6477,10-01-2024,14,10,320,4
6481,10-01-2024,14,13,320,5
6484,10-01-2024,14,76,320,5
6490,10-01-2024,14,63,320,5
6494,10-01-2024,14,22,320,5
6501,11-01-2024,1,12,350,4
6504,11-01-2024,2,15,900,4
6506,11-01-2024,2,24,900,4
6512,11-01-2024,3,6,250,5
6517,11-01-2024,14,24,320,4
6520,12-01-2024,1,68,350,4
6525,12-01-2024,2,8,900,4
6526,12-01-2024,2,51,900,5
6528,12-01-2024,2,80,900,5
6529,12-01-2024,2,14,900,4
6531,12-01-2024,2,67,900,5
6532,12-01-2024,2,33,900,4
6535,12-01-2024,3,79,250,4
6536,12-01-2024,3,78,250,5
6544,12-01-2024,3,66,250,4
6550,12-01-2024,4,33,600,4
6557,13-01-2024,1,21,350,4
6558,13-01-2024,1,21,350,5
6564,13-01-2024,2,6,900,4
6566,13-01-2024,2,75,900,4
6574,13-01-2024,3,3,250,5
6580,13-01-2024,3,16,250,4
6591,14-01-2024,1,54,350,4
6592,14-01-2024,1,66,350,5
6602,14-01-2024,3,17,250,4
6603,14-01-2024,3,69,250,5
6621,15-01-2024,2,12,900,5
6622,15-01-2024,3,32,250,5
6623,15-01-2024,3,8,250,4
6630,15-01-2024,4,1,600,5
6631,15-01-2024,4,68,600,4
6632,15-01-2024,4,2,600,5
6634,15-01-2024,4,51,600,5
6637,16-01-2024,1,78,350,5
6638,16-01-2024,1,3,350,5
6640,16-01-2024,1,45,350,4
6648,16-01-2024,3,25,250,5
6650,16-01-2024,3,72,250,5
6655,16-01-2024,3,75,250,5
6665,16-01-2024,4,52,600,4
6666,16-01-2024,4,52,600,5
6668,17-01-2024,1,29,350,4
6672,17-01-2024,2,62,900,5
6677,17-01-2024,2,38,900,4
6679,17-01-2024,3,79,250,5
6683,17-01-2024,3,56,250,4
6686,17-01-2024,4,70,600,5
6687,17-01-2024,4,1,600,5
6689,18-01-2024,1,3,350,5
6698,18-01-2024,1,37,350,5
6699,18-01-2024,2,53,900,4
6703,18-01-2024,2,20,900,5
6704,18-01-2024,2,67,900,4
6706,18-01-2024,3,60,250,4
6710,18-01-2024,3,19,250,4
6712,18-01-2024,4,13,600,5
6714,18-01-2024,4,17,600,4
6721,19-01-2024,1,69,350,4
6726,19-01-2024,2,57,900,5
6736,19-01-2024,3,61,250,5
6737,19-01-2024,3,16,250,5
6741,19-01-2024,3,77,250,5
6745,20-01-2024,1,17,350,4
6756,20-01-2024,2,72,900,5
6759,20-01-2024,3,50,250,4
6765,20-01-2024,3,57,250,5
6774,20-01-2024,4,17,600,4
6778,21-01-2024,1,79,350,5
6780,21-01-2024,1,9,350,5
6787,21-01-2024,2,75,900,4
6788,21-01-2024,2,65,900,4
6789,21-01-2024,2,19,900,4
6791,21-01-2024,2,44,900,4
6793,21-01-2024,2,3,900,5
6795,21-01-2024,2,52,900,5
6798,21-01-2024,3,67,250,5
6799,21-01-2024,3,25,250,4
6800,21-01-2024,3,61,250,4
6806,22-01-2024,1,78,350,4
6810,22-01-2024,1,5,350,4
6811,22-01-2024,1,52,350,4
6821,22-01-2024,2,12,900,5
6824,22-01-2024,3,22,250,5
6829,23-01-2024,1,2,350,4
6832,23-01-2024,1,15,350,5
6834,23-01-2024,1,30,350,4
6837,23-01-2024,2,61,900,5
6842,23-01-2024,2,17,900,5
6848,23-01-2024,3,60,250,5
6850,23-01-2024,3,62,250,4
6851,23-01-2024,4,68,600,4
6853,23-01-2024,4,68,600,4
6855,23-01-2024,4,56,600,5
6860,24-01-2024,1,29,350,4
6864,24-01-2024,1,79,350,4
6865,24-01-2024,1,12,350,4
6877,24-01-2024,3,43,250,4
6886,25-01-2024,1,30,350,4
6890,25-01-2024,2,9,900,4
6891,25-01-2024,2,4,900,4
6897,25-01-2024,3,5,250,4
6906,25-01-2024,4,66,600,5
6911,26-01-2024,1,26,350,4
6913,26-01-2024,1,7,350,4
6917,26-01-2024,1,25,350,4
6919,26-01-2024,2,50,900,4
6920,26-01-2024,2,37,900,4
6921,26-01-2024,2,1,900,5
6922,26-01-2024,2,18,900,4
6924,26-01-2024,2,20,900,4
6930,26-01-2024,3,72,250,5
6947,27-01-2024,1,31,350,5
6948,27-01-2024,1,36,350,5
6951,27-01-2024,2,50,900,4
6955,27-01-2024,3,69,250,5
6964,27-01-2024,4,39,600,5
6966,28-01-2024,1,46,350,4
6968,28-01-2024,1,79,350,4
6974,28-01-2024,2,5,900,5
6976,28-01-2024,2,12,900,5
6980,28-01-2024,3,61,250,4
6985,28-01-2024,4,78,600,5
6991,29-01-2024,1,23,350,4
6994,29-01-2024,1,63,350,5
7001,29-01-2024,2,49,900,5
7005,29-01-2024,2,40,900,4
7009,29-01-2024,2,28,900,4
7012,29-01-2024,3,29,250,5
7013,29-01-2024,3,71,250,5
7016,29-01-2024,3,71,250,5
7024,29-01-2024,4,53,600,4
7033,30-01-2024,2,72,900,4
7038,30-01-2024,3,58,250,4
7040,30-01-2024,3,8,250,4
7044,30-01-2024,4,5,600,4
7050,31-01-2024,1,34,350,5
7057,31-01-2024,2,80,900,5
7059,31-01-2024,2,34,900,5
7062,31-01-2024,3,77,250,4
7076,31-01-2024,4,71,600,4
7077,31-01-2024,4,40,600,4
7082,01-02-2024,2,61,900,5
7091,01-02-2024,3,2,250,5
7092,01-02-2024,3,57,250,5
7096,01-02-2024,4,55,600,5
7098,01-02-2024,4,79,600,4
7106,02-02-2024,2,20,900,4
7109,02-02-2024,2,34,900,5
7111,02-02-2024,3,51,250,5
7112,02-02-2024,3,75,250,4
7118,02-02-2024,4,4,600,5
7120,02-02-2024,4,2,600,5
7123,03-02-2024,1,25,350,5
7128,03-02-2024,2,75,900,4
7134,03-02-2024,3,71,250,4
7139,03-02-2024,4,60,600,5
7140,03-02-2024,4,79,600,5
7142,03-02-2024,4,42,600,4
7143,03-02-2024,4,11,600,4
7145,03-02-2024,4,57,600,5
7148,04-02-2024,1,69,350,4
7157,04-02-2024,2,37,900,4
7160,04-02-2024,2,41,900,5
7161,04-02-2024,2,72,900,4
7162,04-02-2024,3,59,250,5
7168,04-02-2024,4,2,600,4
7169,04-02-2024,4,42,600,4
7172,04-02-2024,4,63,600,4
7174,05-02-2024,1,11,350,4
7175,05-02-2024,1,6,350,5
7179,05-02-2024,1,27,350,4
7181,05-02-2024,1,28,350,5
7183,05-02-2024,2,68,900,4
7184,05-02-2024,2,16,900,4
7185,05-02-2024,2,8,900,5
7189,05-02-2024,3,22,250,5
7191,05-02-2024,4,58,600,5
7193,05-02-2024,4,70,600,4
7195,05-02-2024,4,42,600,4
7196,05-02-2024,4,76,600,5
7198,06-02-2024,1,53,350,5
7204,06-02-2024,1,68,350,4
7206,06-02-2024,1,78,350,4
7207,06-02-2024,1,29,350,5
7209,06-02-2024,2,60,900,4
7210,06-02-2024,2,71,900,4
7211,06-02-2024,3,29,250,4
7212,06-02-2024,3,24,250,5
7218,06-02-2024,3,68,250,5
7219,06-02-2024,4,49,600,4
7224,06-02-2024,4,21,600,4
7227,06-02-2024,4,32,600,4
7228,07-02-2024,1,74,350,4
7230,07-02-2024,1,48,350,5
7250,07-02-2024,4,77,600,4
7251,07-02-2024,4,74,600,4
7252,07-02-2024,4,42,600,5
7258,08-02-2024,1,26,350,5
7261,08-02-2024,1,11,350,5
7265,08-02-2024,1,26,350,5
7267,08-02-2024,2,31,900,5
7270,08-02-2024,2,42,900,5
7275,08-02-2024,2,33,900,4
7277,08-02-2024,3,22,250,4
7280,08-02-2024,3,50,250,4
7283,08-02-2024,3,4,250,4
7285,08-02-2024,3,56,250,5
7286,08-02-2024,3,44,250,5
7290,08-02-2024,4,6,600,4
7298,09-02-2024,1,41,350,5
7304,09-02-2024,2,38,900,5
7305,09-02-2024,3,80,250,5
7306,09-02-2024,3,73,250,4
7310,09-02-2024,3,73,250,4
7311,09-02-2024,4,18,600,5
7313,09-02-2024,4,18,600,4
7316,09-02-2024,4,20,600,4
7322,10-02-2024,1,1,350,4
7326,10-02-2024,1,8,350,5
7331,10-02-2024,1,62,350,5
7333,10-02-2024,2,66,900,5
7337,10-02-2024,2,39,900,4
7342,10-02-2024,3,9,250,5
7346,10-02-2024,3,20,250,5
7353,10-02-2024,4,33,600,5
7355,11-02-2024,1,71,350,4
7357,11-02-2024,1,1,350,4
7358,11-02-2024,1,42,350,5
7360,11-02-2024,1,13,350,5
7362,11-02-2024,1,66,350,5
7363,11-02-2024,2,66,900,5
7364,11-02-2024,2,35,900,5
7373,11-02-2024,3,33,250,4
7375,11-02-2024,3,57,250,5
7381,11-02-2024,3,37,250,4
7389,11-02-2024,4,76,600,4
7390,11-02-2024,4,64,600,4
7392,11-02-2024,4,74,600,5
7395,12-02-2024,1,61,350,5
7401,12-02-2024,1,77,350,5
7403,12-02-2024,2,54,900,4
7411,12-02-2024,2,49,900,4
7412,12-02-2024,2,17,900,4
7420,12-02-2024,3,60,250,4
7422,12-02-2024,3,22,250,4
7425,12-02-2024,3,69,250,4
7442,13-02-2024,2,10,900,5
7448,13-02-2024,3,71,250,5
7452,13-02-2024,3,23,250,4
7453,13-02-2024,3,46,250,4
7455,13-02-2024,4,32,600,5
7458,13-02-2024,4,56,600,4
7464,13-02-2024,4,77,600,5
7465,13-02-2024,4,78,600,4
7468,14-02-2024,1,34,350,4
7471,14-02-2024,1,51,350,5
7473,14-02-2024,2,44,900,4
7474,14-02-2024,2,55,900,4
7478,14-02-2024,2,24,900,5
7483,14-02-2024,4,14,600,5
7488,14-02-2024,4,44,600,4
7496,15-02-2024,2,74,900,4
7497,15-02-2024,3,20,250,4
7498,15-02-2024,3,71,250,5
7503,15-02-2024,3,44,250,5
7525,16-02-2024,2,51,900,4
7527,16-02-2024,2,16,900,5
7535,16-02-2024,4,16,600,5
7541,17-02-2024,1,31,350,5
7542,17-02-2024,1,73,350,5
7549,17-02-2024,2,16,900,4
7553,17-02-2024,2,28,900,4
7562,17-02-2024,4,58,600,5
7563,17-02-2024,4,9,600,4
7567,17-02-2024,4,27,600,5
7570,18-02-2024,1,64,350,5
7572,18-02-2024,1,28,350,4
7577,18-02-2024,1,74,350,5
7578,18-02-2024,1,58,350,5
7582,18-02-2024,2,28,900,5
7583,18-02-2024,2,6,900,4
7584,18-02-2024,2,72,900,4
7590,18-02-2024,4,24,600,5
7595,18-02-2024,4,79,600,5
7597,18-02-2024,4,77,600,4
7601,18-02-2024,4,49,600,5
7604,19-02-2024,1,69,350,5
7610,19-02-2024,2,41,900,5
7611,19-02-2024,2,44,900,5
7621,19-02-2024,4,78,600,4
7626,19-02-2024,4,65,600,5
7631,20-02-2024,1,58,350,5
7634,20-02-2024,1,18,350,4
7636,20-02-2024,2,33,900,5
7644,20-02-2024,3,36,250,4
7645,20-02-2024,3,71,250,5
7653,21-02-2024,1,2,350,4
7656,21-02-2024,2,52,900,5
7658,21-02-2024,2,63,900,5
7666,21-02-2024,3,74,250,4
7668,21-02-2024,3,21,250,4
7673,21-02-2024,4,28,600,4
7675,21-02-2024,4,5,600,4
7689,22-02-2024,2,9,900,5
7692,22-02-2024,2,51,900,4
7694,22-02-2024,2,34,900,5
7698,22-02-2024,3,16,250,4
7699,22-02-2024,3,45,250,4
7700,22-02-2024,3,33,250,4
7703,23-02-2024,1,80,350,4
7704,23-02-2024,1,32,350,5
7708,23-02-2024,1,74,350,5
7710,23-02-2024,1,21,350,5
7712,23-02-2024,2,23,900,4
7716,23-02-2024,2,11,900,5
7722,23-02-2024,3,79,250,4
7723,23-02-2024,3,5,250,4
7726,23-02-2024,4,57,600,4
7729,23-02-2024,4,13,600,5
7735,24-02-2024,1,51,350,4
7738,24-02-2024,1,9,350,5
7740,24-02-2024,1,54,350,4
7741,24-02-2024,2,25,900,5
7742,24-02-2024,2,56,900,4
7744,24-02-2024,2,39,900,4
7751,24-02-2024,4,38,600,4
7754,24-02-2024,4,12,600,4
7760,25-02-2024,1,34,350,5
7762,25-02-2024,1,24,350,4
7767,25-02-2024,2,61,900,5
7770,25-02-2024,2,32,900,5
7771,25-02-2024,2,10,900,5
7775,25-02-2024,2,54,900,4
7779,25-02-2024,3,62,250,5
7783,25-02-2024,3,62,250,5
7785,25-02-2024,4,75,600,4
7787,25-02-2024,4,42,600,5
7788,25-02-2024,4,42,600,5
7789,25-02-2024,4,37,600,4
7790,25-02-2024,4,16,600,5
7796,26-02-2024,1,80,350,4
7799,26-02-2024,2,29,900,5
7815,26-02-2024,4,26,600,4
7819,26-02-2024,4,6,600,5
7826,27-02-2024,1,53,350,5
7830,27-02-2024,2,28,900,4
7832,27-02-2024,2,76,900,5
7833,27-02-2024,3,41,250,5
7834,27-02-2024,3,24,250,5
7835,27-02-2024,3,60,250,4
7836,27-02-2024,3,10,250,4
7841,27-02-2024,3,69,250,5
7846,27-02-2024,3,69,250,4
7850,27-02-2024,3,44,250,5
7859,28-02-2024,1,23,350,4
7860,28-02-2024,1,27,350,4
7862,28-02-2024,1,33,350,5
7863,28-02-2024,1,14,350,4
7864,28-02-2024,2,16,900,4
7866,28-02-2024,2,25,900,4
7867,28-02-2024,2,15,900,5
7872,28-02-2024,3,68,250,4
7877,28-02-2024,4,36,600,4
7883,29-02-2024,1,24,350,5
7895,29-02-2024,3,53,250,4
7896,29-02-2024,3,20,250,4
7897,29-02-2024,3,63,250,5
7902,29-02-2024,4,64,600,5
7904,29-02-2024,4,53,600,4
7907,29-02-2024,4,27,600,5
7912,01-03-2024,1,54,350,5
7915,01-03-2024,1,50,350,5
7917,01-03-2024,1,57,350,4
7926,01-03-2024,2,2,900,5
7928,01-03-2024,2,71,900,5
7933,01-03-2024,2,1,900,5
7935,01-03-2024,2,67,900,4
7953,01-03-2024,4,4,600,4
7954,01-03-2024,4,23,600,5
7957,01-03-2024,4,51,600,4
7959,01-03-2024,4,14,600,5
7965,02-03-2024,1,74,350,4
7970,02-03-2024,1,77,350,5
7975,02-03-2024,1,22,350,4
7980,02-03-2024,2,61,900,5
7987,02-03-2024,2,40,900,4
7996,02-03-2024,2,5,900,5
8012,02-03-2024,4,11,600,5
8015,02-03-2024,4,47,600,4
8017,02-03-2024,4,35,600,5
8021,02-03-2024,4,73,600,4
8024,03-03-2024,1,62,350,5
8028,03-03-2024,1,31,350,4
8030,03-03-2024,1,56,350,4
8033,03-03-2024,1,79,350,4
8041,03-03-2024,3,65,250,5
8043,03-03-2024,3,5,250,4
8048,03-03-2024,4,18,600,5
8056,04-03-2024,1,4,350,5
8057,04-03-2024,1,28,350,4
8059,04-03-2024,1,27,350,4
8061,04-03-2024,2,54,900,4
8071,04-03-2024,3,10,250,5
8072,04-03-2024,3,69,250,4
8077,04-03-2024,4,50,600,4
8079,04-03-2024,4,60,600,4
8084,04-03-2024,4,75,600,5
8089,05-03-2024,1,22,350,4
8096,05-03-2024,2,37,900,4
8101,05-03-2024,2,78,900,4
8102,05-03-2024,2,32,900,4
8103,05-03-2024,3,60,250,5
8108,05-03-2024,3,35,250,4
8122,05-03-2024,4,8,600,4
8125,06-03-2024,1,10,350,4
8128,06-03-2024,1,54,350,5
8129,06-03-2024,1,77,350,4
8135,06-03-2024,2,54,900,5
8138,06-03-2024,2,10,900,5
8139,06-03-2024,2,79,900,4
8141,06-03-2024,3,11,250,5
8142,06-03-2024,3,16,250,5
8143,06-03-2024,3,5,250,4
8145,06-03-2024,3,54,250,5
8148,06-03-2024,4,73,600,4
8150,07-03-2024,1,59,350,5
8159,07-03-2024,1,13,350,5
8162,07-03-2024,2,50,900,5
8164,07-03-2024,2,18,900,4
8172,07-03-2024,4,44,600,4
8177,08-03-2024,1,73,350,5
8178,08-03-2024,1,13,350,4
8179,08-03-2024,1,22,350,5
8186,08-03-2024,2,63,900,4
8191,08-03-2024,2,15,900,5
8192,08-03-2024,2,12,900,5
8193,08-03-2024,2,58,900,4
8195,08-03-2024,2,64,900,5
8198,08-03-2024,3,79,250,5
8202,08-03-2024,3,15,250,4
8211,09-03-2024,1,19,350,4
8217,09-03-2024,2,76,900,4
8219,09-03-2024,2,62,900,5
8227,09-03-2024,2,32,900,5
8228,09-03-2024,3,55,250,4
8229,09-03-2024,3,41,250,5
8231,09-03-2024,3,39,250,4
8240,10-03-2024,1,65,350,4
8248,10-03-2024,2,71,900,5
8249,10-03-2024,2,54,900,4
8257,10-03-2024,4,78,600,5
8258,10-03-2024,4,45,600,4
8260,10-03-2024,4,48,600,4
8265,11-03-2024,1,6,350,4
8268,11-03-2024,2,4,900,5
8270,11-03-2024,2,12,900,5
8271,11-03-2024,2,52,900,5
8273,11-03-2024,2,70,900,4
8275,11-03-2024,3,21,250,5
8279,11-03-2024,3,63,250,5
8280,11-03-2024,3,18,250,5
8289,12-03-2024,1,8,350,4
8298,12-03-2024,1,70,350,5
8299,12-03-2024,1,31,350,5
8303,12-03-2024,2,66,900,4
8304,12-03-2024,2,53,900,4
8309,12-03-2024,3,8,250,5
8311,12-03-2024,3,68,250,4
8312,12-03-2024,3,41,250,5
8315,12-03-2024,4,19,600,5
8321,13-03-2024,1,60,350,5
8326,13-03-2024,2,34,900,4
8327,13-03-2024,2,6,900,5
8331,13-03-2024,3,6,250,4
8333,13-03-2024,3,49,250,5
8335,13-03-2024,3,77,250,4
8337,13-03-2024,4,43,600,4
8343,14-03-2024,1,50,350,5
8346,14-03-2024,1,12,350,4
8347,14-03-2024,1,54,350,5
8349,14-03-2024,1,54,350,5
8352,14-03-2024,2,16,900,5
8353,14-03-2024,2,77,900,4
8356,14-03-2024,2,25,900,5
8359,14-03-2024,3,41,250,4
8361,14-03-2024,3,2,250,5
8366,14-03-2024,4,54,600,5
8367,14-03-2024,4,57,600,4
8372,14-03-2024,4,36,600,4
8374,15-03-2024,1,61,350,4
8378,15-03-2024,1,12,350,5
8381,15-03-2024,1,59,350,4
8382,15-03-2024,2,18,900,4
8384,15-03-2024,2,30,900,4
8387,15-03-2024,2,65,900,4
8391,15-03-2024,3,35,250,4
8401,15-03-2024,4,6,600,4
8404,16-03-2024,1,33,350,4
8407,16-03-2024,1,67,350,5
8410,16-03-2024,2,33,900,5
8412,16-03-2024,2,35,900,4
8413,16-03-2024,2,24,900,4
8421,16-03-2024,4,75,600,4
8428,16-03-2024,4,21,600,5
8431,16-03-2024,4,70,600,5
8433,16-03-2024,4,8,600,5
8435,17-03-2024,1,72,350,4
8446,17-03-2024,2,65,900,5
8452,17-03-2024,3,33,250,5
8463,17-03-2024,4,65,600,5
8464,17-03-2024,4,49,600,5
8470,18-03-2024,1,74,350,4
8474,18-03-2024,2,74,900,4
8476,18-03-2024,2,75,900,4
8478,18-03-2024,2,15,900,5
8480,18-03-2024,3,59,250,5
8481,18-03-2024,3,70,250,4
8487,18-03-2024,4,55,600,4
8492,19-03-2024,1,17,350,5
8494,19-03-2024,1,39,350,5
8498,19-03-2024,1,37,350,4
8502,19-03-2024,1,64,350,5
8503,19-03-2024,1,5,350,5
8506,19-03-2024,1,18,350,5
8510,19-03-2024,2,51,900,4
8514,19-03-2024,2,42,900,5
8524,19-03-2024,3,25,250,4
8525,19-03-2024,3,73,250,4
8527,19-03-2024,4,68,600,5
8528,19-03-2024,4,3,600,5
8529,19-03-2024,4,8,600,5
8530,19-03-2024,4,9,600,4
8532,20-03-2024,1,61,350,5
8533,20-03-2024,1,44,350,4
8535,20-03-2024,2,18,900,4
8537,20-03-2024,2,37,900,5
8541,20-03-2024,3,36,250,4
8545,20-03-2024,4,42,600,4
8548,20-03-2024,4,54,600,5
8556,21-03-2024,2,19,900,5
8559,21-03-2024,2,44,900,4
8564,21-03-2024,3,15,250,4
8580,22-03-2024,1,12,350,4
8584,22-03-2024,1,69,350,5
8585,22-03-2024,2,29,900,4
8589,22-03-2024,2,49,900,4
8592,22-03-2024,2,28,900,4
8597,22-03-2024,3,68,250,4
8599,22-03-2024,3,14,250,5
8605,23-03-2024,1,79,350,5
8606,23-03-2024,1,63,350,4
8612,23-03-2024,1,23,350,5
8617,23-03-2024,2,49,900,4
8621,23-03-2024,2,69,900,4
8629,23-03-2024,3,45,250,4
8633,23-03-2024,4,43,600,5
8635,23-03-2024,4,79,600,5
8639,24-03-2024,1,57,350,5
8642,24-03-2024,1,42,350,5
8644,24-03-2024,2,72,900,5
8648,24-03-2024,2,46,900,5
8651,24-03-2024,3,45,250,4
8652,24-03-2024,3,10,250,5
8663,24-03-2024,4,39,600,4
8669,24-03-2024,4,73,600,5
8672,25-03-2024,1,57,350,4
8673,25-03-2024,1,59,350,4
8674,25-03-2024,1,64,350,5
8688,25-03-2024,3,48,250,5
8691,25-03-2024,3,57,250,5
8695,25-03-2024,4,11,600,5
8698,26-03-2024,1,17,350,4
8701,26-03-2024,1,76,350,5
8705,26-03-2024,2,48,900,4
8706,26-03-2024,2,27,900,5
8708,26-03-2024,2,2,900,5
8711,26-03-2024,3,7,250,5
8713,26-03-2024,3,51,250,5
8728,27-03-2024,2,5,900,5
8732,27-03-2024,2,38,900,5
8753,28-03-2024,2,78,900,4
8754,28-03-2024,2,62,900,4
8766,28-03-2024,3,18,250,5
8767,28-03-2024,3,19,250,4
8776,28-03-2024,4,32,600,5
8778,28-03-2024,4,45,600,4
8786,29-03-2024,1,3,350,5
8788,29-03-2024,2,59,900,4
8794,29-03-2024,2,24,900,4
8795,29-03-2024,3,32,250,5
8810,29-03-2024,4,52,600,4
8811,30-03-2024,1,39,350,4
8819,30-03-2024,2,67,900,4
8823,30-03-2024,3,26,250,4
8835,31-03-2024,1,39,350,5
8836,31-03-2024,1,26,350,4
8837,31-03-2024,1,43,350,5
8838,31-03-2024,1,49,350,5
8841,31-03-2024,1,25,350,4
8842,31-03-2024,2,54,900,4
8843,31-03-2024,2,59,900,5
8846,31-03-2024,2,58,900,5
8849,31-03-2024,2,13,900,4
8857,31-03-2024,3,21,250,5
8859,31-03-2024,4,49,600,5
8860,31-03-2024,4,50,600,4
8879,02-04-2024,3,62,250,5
8893,04-04-2024,2,27,900,4
8902,05-04-2024,1,37,350,4
8904,05-04-2024,2,75,900,4
8905,05-04-2024,2,2,900,5
8906,05-04-2024,2,55,900,4
8908,05-04-2024,2,22,900,4
8913,06-04-2024,1,70,350,5
8921,07-04-2024,2,54,900,4
8923,07-04-2024,4,54,600,5
8930,09-04-2024,1,71,350,5
8932,09-04-2024,2,61,900,4
8941,10-04-2024,4,44,600,5
8942,10-04-2024,4,37,600,4
8954,12-04-2024,3,41,250,4
8957,12-04-2024,4,27,600,4
8959,13-04-2024,1,8,350,4
8965,13-04-2024,3,13,250,5
8966,13-04-2024,3,26,250,5
8968,13-04-2024,3,64,250,4
8972,14-04-2024,3,20,250,4
8975,14-04-2024,3,54,250,5
8977,15-04-2024,1,39,350,4
8979,15-04-2024,1,46,350,5
8980,15-04-2024,2,5,900,4
8981,15-04-2024,2,30,900,5
8982,15-04-2024,3,61,250,5
8997,16-04-2024,4,20,600,4
9008,18-04-2024,1,70,350,5
9010,18-04-2024,2,73,900,5
9011,18-04-2024,3,37,250,4
9015,18-04-2024,4,68,600,4
9025,19-04-2024,3,77,250,4
9026,19-04-2024,4,28,600,5
9030,20-04-2024,1,78,350,5
9041,21-04-2024,3,72,250,5
9043,21-04-2024,4,69,600,5
9045,22-04-2024,1,77,350,4
9047,22-04-2024,2,15,900,4
9051,22-04-2024,3,67,250,5
9061,24-04-2024,1,34,350,4
9069,24-04-2024,4,1,600,4
9071,24-04-2024,4,29,600,4
9075,25-04-2024,2,65,900,5
9077,25-04-2024,2,61,900,4
9081,25-04-2024,4,56,600,4
9084,26-04-2024,1,65,350,5
9087,26-04-2024,3,68,250,4
9093,27-04-2024,3,68,250,5
9096,28-04-2024,1,46,350,5
9098,28-04-2024,1,35,350,4
9100,28-04-2024,3,26,250,5
9104,28-04-2024,4,54,600,4
9105,29-04-2024,1,56,350,4
9109,30-04-2024,1,54,350,5
9111,30-04-2024,2,24,900,5
9115,30-04-2024,4,75,600,4
9117,01-05-2024,1,16,350,4
9126,01-05-2024,2,64,900,4
9132,01-05-2024,3,50,250,5
9136,01-05-2024,4,68,600,5
9143,02-05-2024,1,57,350,4
9157,03-05-2024,3,23,250,4
9159,03-05-2024,4,42,600,4
9166,04-05-2024,3,4,250,4
9190,07-05-2024,2,11,900,4
9193,07-05-2024,3,74,250,4
9199,07-05-2024,4,10,600,5
9202,08-05-2024,1,39,350,4
9206,08-05-2024,2,35,900,4
9208,08-05-2024,2,4,900,5
9215,09-05-2024,1,72,350,4
9216,09-05-2024,2,27,900,5
9222,09-05-2024,3,18,250,5
9237,11-05-2024,1,43,350,5
9243,11-05-2024,3,53,250,5
9248,11-05-2024,4,76,600,5
9249,11-05-2024,4,40,600,4
9260,13-05-2024,3,78,250,4
9262,13-05-2024,4,11,600,4
9267,14-05-2024,2,13,900,5
9280,15-05-2024,2,6,900,4
9287,16-05-2024,1,63,350,4
9289,16-05-2024,2,41,900,5
9291,16-05-2024,2,34,900,4
9296,16-05-2024,4,47,600,5
9298,16-05-2024,4,30,600,5
9299,16-05-2024,4,5,600,4
9308,18-05-2024,2,38,900,5
9309,18-05-2024,2,31,900,4
9314,19-05-2024,1,25,350,4
9329,21-05-2024,1,26,350,5
9345,23-05-2024,3,72,250,5
9351,23-05-2024,4,78,600,5
9358,24-05-2024,3,43,250,4
9362,25-05-2024,1,47,350,5
9365,25-05-2024,2,46,900,5
9371,25-05-2024,4,18,600,5
9372,25-05-2024,4,66,600,5
9375,26-05-2024,1,32,350,5
9380,26-05-2024,3,51,250,5
9381,26-05-2024,4,43,600,5
9383,26-05-2024,4,70,600,4
9384,26-05-2024,4,29,600,5
9388,27-05-2024,1,38,350,4
9391,27-05-2024,2,55,900,5
9392,27-05-2024,2,38,900,5
9393,27-05-2024,2,49,900,5
9407,29-05-2024,2,9,900,4
9413,30-05-2024,2,13,900,4
9415,30-05-2024,3,57,250,5
9419,30-05-2024,3,4,250,5
9422,31-05-2024,1,28,350,5
9425,31-05-2024,2,46,900,4
9432,01-06-2024,1,1,350,5
9433,01-06-2024,2,5,900,4
9434,01-06-2024,3,74,250,5
9458,05-06-2024,2,74,900,5
9466,06-06-2024,4,15,600,4
9469,07-06-2024,1,34,350,5
9471,07-06-2024,2,48,900,4
9473,07-06-2024,4,26,600,4
9477,08-06-2024,3,6,250,5
9478,08-06-2024,3,71,250,4
9494,10-06-2024,4,33,600,5
9497,11-06-2024,4,32,600,4
9499,11-06-2024,4,2,600,5
9500,12-06-2024,1,63,350,5
9503,12-06-2024,2,11,900,4
9515,14-06-2024,1,52,350,5
9527,15-06-2024,4,26,600,4
9533,16-06-2024,1,61,350,5
9540,17-06-2024,2,48,900,5
9544,17-06-2024,4,32,600,4
9545,17-06-2024,4,39,600,5
9547,18-06-2024,1,51,350,4
9552,18-06-2024,2,15,900,4
9553,18-06-2024,3,52,250,4
9555,19-06-2024,2,41,900,4
9560,20-06-2024,2,26,900,5
9568,21-06-2024,2,32,900,5
9574,22-06-2024,1,9,350,4
9575,22-06-2024,1,64,350,4
9576,22-06-2024,2,21,900,5
9584,23-06-2024,1,25,350,5
9591,23-06-2024,2,25,900,5
9592,23-06-2024,2,19,900,4
9594,23-06-2024,3,36,250,5
9601,24-06-2024,4,39,600,4
9602,24-06-2024,4,58,600,5
9604,25-06-2024,1,13,350,4
9607,25-06-2024,2,72,900,5
9619,27-06-2024,2,47,900,4
9620,27-06-2024,2,33,900,5
9621,27-06-2024,3,70,250,4
9625,28-06-2024,1,43,350,5
9635,29-06-2024,3,67,250,4
9638,29-06-2024,4,7,600,5
9640,30-06-2024,1,51,350,5
9643,30-06-2024,3,27,250,4
9651,01-07-2024,3,78,250,4
9657,01-07-2024,4,68,600,4
9668,03-07-2024,1,46,350,4
9670,03-07-2024,2,23,900,5
9671,03-07-2024,4,51,600,5
9673,03-07-2024,4,2,600,5
9674,03-07-2024,4,9,600,5
9675,03-07-2024,4,65,600,5
9676,04-07-2024,1,79,350,4
9679,04-07-2024,4,22,600,4
9682,04-07-2024,4,68,600,4
9688,05-07-2024,2,66,900,4
9689,05-07-2024,2,77,900,4
9690,05-07-2024,2,28,900,4
9692,05-07-2024,4,56,600,5
9697,07-07-2024,2,50,900,5
9698,07-07-2024,3,7,250,4
9701,08-07-2024,1,12,350,5
9705,08-07-2024,3,34,250,5
9713,09-07-2024,2,49,900,4
9721,10-07-2024,2,51,900,4
9722,10-07-2024,2,12,900,4
9728,11-07-2024,1,28,350,5
9731,12-07-2024,1,35,350,4
9736,12-07-2024,4,31,600,4
9741,13-07-2024,2,68,900,5
9746,13-07-2024,3,30,250,4
9754,14-07-2024,4,76,600,5
9756,15-07-2024,2,20,900,5
9758,15-07-2024,3,47,250,4
9760,16-07-2024,1,2,350,4
9766,17-07-2024,2,66,900,4
9772,18-07-2024,2,16,900,4
9775,18-07-2024,3,9,250,5
9781,19-07-2024,3,51,250,5
9782,19-07-2024,3,15,250,5
9785,19-07-2024,4,58,600,4
9790,20-07-2024,2,45,900,4
9799,21-07-2024,2,40,900,5
9801,21-07-2024,4,16,600,4
9809,23-07-2024,2,32,900,5
9810,23-07-2024,2,61,900,5
9815,23-07-2024,3,2,250,5
9823,24-07-2024,3,70,250,4
9825,25-07-2024,1,27,350,4
9830,25-07-2024,3,50,250,4
9831,25-07-2024,3,31,250,5
9832,25-07-2024,4,69,600,5
9834,26-07-2024,2,58,900,4
9838,26-07-2024,4,23,600,5
9840,26-07-2024,4,48,600,5
9842,27-07-2024,2,60,900,4
9845,27-07-2024,4,6,600,5
9853,29-07-2024,1,1,350,5
9857,30-07-2024,1,33,350,4
9859,30-07-2024,1,62,350,5
9865,31-07-2024,2,21,900,4
9869,31-07-2024,4,13,600,4
9874,01-08-2024,3,80,250,4
9875,01-08-2024,4,42,600,4
9876,01-08-2024,4,59,600,5
9882,02-08-2024,3,68,250,5
9883,02-08-2024,3,70,250,5
9888,03-08-2024,3,35,250,4
9890,03-08-2024,3,10,250,5
9893,03-08-2024,4,60,600,4
9901,04-08-2024,3,36,250,5
9905,04-08-2024,4,29,600,5
9913,05-08-2024,2,76,900,4
9914,05-08-2024,2,3,900,4
9915,05-08-2024,3,39,250,4
9918,05-08-2024,4,73,600,4
9919,05-08-2024,4,50,600,4
9920,05-08-2024,4,18,600,4
9921,06-08-2024,1,62,350,4
9923,06-08-2024,1,31,350,5
9926,06-08-2024,2,36,900,4
9929,06-08-2024,4,78,600,5
9937,07-08-2024,3,64,250,5
9947,08-08-2024,4,40,600,4
9948,08-08-2024,4,64,600,5
9949,08-08-2024,4,13,600,4
9957,09-08-2024,4,13,600,4
9959,10-08-2024,2,77,900,5
9974,11-08-2024,2,23,900,5
9982,12-08-2024,3,64,250,4
9983,12-08-2024,3,66,250,5
9986,12-08-2024,3,31,250,4
9998,13-08-2024,4,74,600,4
10001,14-08-2024,1,38,350,4
10002,14-08-2024,2,41,900,4
10006,14-08-2024,3,56,250,5
10008,14-08-2024,4,32,600,4
10014,16-08-2024,1,63,350,4
10017,16-08-2024,3,25,250,5
10018,16-08-2024,4,68,600,5
10029,18-08-2024,4,78,600,4
10034,19-08-2024,4,26,600,4
10037,20-08-2024,2,46,900,4
10038,20-08-2024,2,64,900,5
10047,21-08-2024,1,31,350,5
10052,22-08-2024,1,29,350,4
10054,22-08-2024,1,26,350,4
10056,22-08-2024,1,3,350,5
10057,22-08-2024,2,2,900,4
10058,22-08-2024,2,51,900,4
10062,22-08-2024,3,70,250,4
10069,23-08-2024,2,69,900,4
10072,23-08-2024,2,36,900,4
10073,23-08-2024,4,48,600,5
10076,24-08-2024,2,10,900,4
10078,24-08-2024,3,50,250,4
10079,25-08-2024,1,77,350,4
10083,25-08-2024,3,76,250,5
10096,27-08-2024,1,50,350,4
10116,29-08-2024,4,51,600,4
10118,30-08-2024,3,4,250,5
10124,31-08-2024,4,29,600,4
10125,31-08-2024,4,60,600,5
10128,01-09-2024,2,31,900,5
10130,01-09-2024,3,76,250,5
10132,01-09-2024,4,4,600,4
10135,03-09-2024,1,52,350,5
10136,03-09-2024,1,64,350,4
10138,03-09-2024,2,1,900,5
10141,03-09-2024,3,16,250,5
10145,03-09-2024,4,53,600,4
10147,03-09-2024,4,63,600,4
10148,03-09-2024,4,42,600,5
10150,03-09-2024,4,26,600,5
10154,04-09-2024,3,65,250,5
10155,04-09-2024,3,65,250,4
10157,04-09-2024,3,36,250,5
10160,05-09-2024,1,42,350,4
10163,05-09-2024,3,41,250,5
10164,05-09-2024,3,72,250,4
10166,05-09-2024,3,41,250,4
10180,07-09-2024,1,43,350,5
10182,07-09-2024,2,16,900,4
10184,07-09-2024,2,49,900,4
10193,09-09-2024,1,33,350,4
10196,09-09-2024,2,71,900,4
10198,09-09-2024,4,76,600,5
10199,10-09-2024,1,5,350,5
10201,10-09-2024,2,31,900,4
10206,11-09-2024,1,77,350,5
10209,11-09-2024,4,22,600,5
10211,12-09-2024,2,3,900,4
10212,12-09-2024,2,47,900,5
10214,12-09-2024,3,10,250,5
10217,12-09-2024,3,28,250,5
10219,12-09-2024,4,73,600,4
10221,13-09-2024,1,79,350,4
10222,13-09-2024,1,55,350,4
10225,13-09-2024,2,69,900,4
10232,13-09-2024,4,76,600,5
10233,13-09-2024,4,9,600,4
10234,13-09-2024,4,23,600,4
10235,13-09-2024,4,71,600,4
10236,14-09-2024,1,60,350,5
10237,14-09-2024,1,6,350,4
10243,14-09-2024,3,10,250,5
10245,15-09-2024,1,73,350,4
10246,15-09-2024,2,76,900,5
10253,16-09-2024,4,73,600,5
10254,16-09-2024,4,30,600,4
10260,17-09-2024,4,10,600,4
10261,18-09-2024,1,67,350,4
10264,18-09-2024,3,75,250,5
10267,18-09-2024,3,19,250,4
10274,19-09-2024,2,45,900,4
10275,19-09-2024,2,7,900,4
10282,20-09-2024,1,28,350,5
10284,20-09-2024,2,7,900,5
10290,20-09-2024,4,11,600,5
10295,21-09-2024,2,45,900,5
10297,21-09-2024,2,25,900,4
10299,21-09-2024,3,34,250,5
10300,21-09-2024,4,29,600,4
10304,22-09-2024,1,11,350,5
10305,22-09-2024,2,31,900,5
10311,23-09-2024,3,9,250,5
10318,24-09-2024,4,54,600,4
10320,25-09-2024,1,43,350,5
10322,25-09-2024,2,12,900,5
10323,25-09-2024,2,66,900,5
10327,25-09-2024,2,31,900,4
10328,25-09-2024,2,15,900,5
10329,25-09-2024,2,26,900,5
10333,25-09-2024,4,49,600,5
10340,26-09-2024,2,29,900,5
10342,26-09-2024,2,17,900,4
10343,26-09-2024,4,48,600,5
10347,27-09-2024,3,24,250,5
10349,27-09-2024,3,1,250,5
10356,28-09-2024,4,51,600,4
10360,29-09-2024,1,33,350,4
10361,29-09-2024,2,74,900,4
10367,30-09-2024,1,69,350,5
10371,30-09-2024,2,49,900,5
10373,30-09-2024,3,50,250,5
10382,01-10-2024,1,69,350,4
